,nama_brand,nama_produk,nama_sub_produk,rating_produk,total_review,nama_produk_lengkap
0,HINT,Fatale Extrait de Parfum,,4.2,894,Fatale Extrait de Parfum
1,The Body Shop,White Musk Eau de Parfum,,4.3,604,White Musk Eau de Parfum
2,Saff & Co.,S.O.T.B Extrait de Parfum,,4.1,568,S.O.T.B Extrait de Parfum
3,HMNS Perfume,Orgasm,,4.0,515,Orgasm
4,Evangeline,Eau De Perfume Sakura Series,Black Sakura,4.1,442,Eau De Perfume Sakura Series Black Sakura
5,BVLGARI,Omnia Amethyste Perfume,Woody,4.5,331,Omnia Amethyste Perfume Woody
6,Victoria's Secret,Bombshell EDP,,4.6,295,Bombshell EDP
7,HMNS Perfume,Essence of Sun,,4.3,257,Essence of Sun
8,Yves Saint Laurent,Black Opium Eau de Parfum,,4.5,256,Black Opium Eau de Parfum
9,Chloe,Chloe Eau de Parfum,,4.6,251,Chloe Eau de Parfum
10,Kenzo,Flower,,4.1,230,Flower
11,ZARA,Gardenia EDP,,4.4,223,Gardenia EDP
12,Lancome,La Vie Est Belle EDP,,4.4,193,La Vie Est Belle EDP
13,BVLGARI,Rose Essentielle,Floral,4.5,193,Rose Essentielle Floral
14,Chanel,Coco Mademoiselle Eau de Parfum Spray,Orange Bergamot Vanilla White Musk,4.5,184,Coco Mademoiselle Eau de Parfum Spray Orange Bergamot Vanilla White Musk
15,Vitalis,Eau de Royale,Couture,4.3,171,Eau de Royale Couture
16,Pinkberry,Wildberry EDP,,4.5,168,Wildberry EDP
17,OLMORVA,Major Icon EDP,,4.3,163,Major Icon EDP
18,Saff & Co.,Loui Extrait de Parfum,,4.6,163,Loui Extrait de Parfum
19,Chanel,N* 5 Eau de Parfum Spray,,3.8,156,N* 5 Eau de Parfum Spray
20,HMNS Perfume,Ambar Janma,,4.2,155,Ambar Janma
21,OLMORVA,Sparkling Escape EDP,,5.0,153,Sparkling Escape EDP
22,Yves Saint Laurent,Libre Eau de Parfum,,4.8,151,Libre Eau de Parfum
23,OLMORVA,Duchess Charm EDP,,5.0,150,Duchess Charm EDP
24,OLMORVA,Weekend Daydream EDP,,4.2,149,Weekend Daydream EDP
25,Mine.,Ethereal,,4.7,147,Ethereal
26,Oriflame,Giordani Gold Essenza EDP,,4.7,144,Giordani Gold Essenza EDP
27,Sarah Jessica Parker,Lovely Eau de Parfum,,4.1,144,Lovely Eau de Parfum
28,Gucci,Bloom,Bloom,4.2,139,Bloom Bloom
29,Giorgio Armani,Si Eau de Parfum,,4.6,136,Si Eau de Parfum
30,Vitalis,Eau de Royale,Her Majesty,4.2,135,Eau de Royale Her Majesty
31,Fordive,Feeling Good,,4.1,134,Feeling Good
32,Victoria's Secret,Noir Tease EDP,,4.4,134,Noir Tease EDP
33,OLMORVA,Feels Like Romance EDP,,4.2,133,Feels Like Romance EDP
34,Evangeline,Eau De Perfume Batik Series,Dream,4.3,132,Eau De Perfume Batik Series Dream
35,Saff & Co.,Omnia Extrait de Parfum,,4.7,131,Omnia Extrait de Parfum
36,Alchemist Fragrance,Pink Laundry Eau de Parfum,,4.1,130,Pink Laundry Eau de Parfum
37,Oriflame,Love Potion EDP,Original,4.4,129,Love Potion EDP Original
38,Evangeline,Eau De Perfume Batik Series,Aura,4.3,125,Eau De Perfume Batik Series Aura
39,Mykonos,Aphrodite EDP,,4.0,121,Aphrodite EDP
40,Evangeline,Eau De Perfume Sakura Series,Red Sakura,4.4,119,Eau De Perfume Sakura Series Red Sakura
41,Jacquelle,Elegant Eau De Parfum - SPY X FAMILY Collection,,4.2,115,Elegant Eau De Parfum - SPY X FAMILY Collection
42,Marc Jacobs,Daisy Eau So Fresh,,4.4,110,Daisy Eau So Fresh
43,Pucelle,Eau De Luxe Parfum,The Stunner,4.5,108,Eau De Luxe Parfum The Stunner
44,The Body Shop,White Musk Libertine Eau de Parfum,,4.0,105,White Musk Libertine Eau de Parfum
45,Mykonos,Enchanted Extrait De Parfum,,4.3,105,Enchanted Extrait De Parfum
46,Salvatore Ferragamo,Signorina,,4.5,98,Signorina
47,Miniso,Perfume,Green Tea Classic,4.2,97,Perfume Green Tea Classic
48,Saff & Co.,Chno Extrait de Parfum,,4.3,96,Chno Extrait de Parfum
49,Alchemist Fragrance,Got My Mojo Back Eau de Parfum,,4.5,94,Got My Mojo Back Eau de Parfum
50,ZARA,Orchid EDP,,4.6,93,Orchid EDP
51,Evangeline,Selection Eau De Parfum,Black Vanilla,4.2,93,Selection Eau De Parfum Black Vanilla
52,Dior,Jadore - Eau de Perfume,Floral,4.5,92,Jadore - Eau de Perfume Floral
53,Saff & Co.,Ostara Extrait De Parfum,,4.4,91,Ostara Extrait De Parfum
54,Zwitsal,Eau De Zwitsal Parfume,,4.1,91,Eau De Zwitsal Parfume
55,Maison Francis Kurkdjian,Baccarat Rouge 540,,4.0,90,Baccarat Rouge 540
56,Saff & Co.,Troupe Extrait de Parfum,,4.6,89,Troupe Extrait de Parfum
57,Saff & Co.,Las Pozas Extrait De Parfum,,4.6,87,Las Pozas Extrait De Parfum
58,Evangeline,Eau de Perfume Musk Series,Black Musk,4.4,87,Eau de Perfume Musk Series Black Musk
59,Aigner,Starlight,,4.0,84,Starlight
60,The Body Shop,Red Musk Eau de Parfum,,4.1,84,Red Musk Eau de Parfum
61,Saff & Co.,Xocolatl Extrait de Parfum,,4.3,83,Xocolatl Extrait de Parfum
62,Scarlett,Eau De Parfum,Dreamy,4.0,83,Eau De Parfum Dreamy
63,Alchemist Fragrance,Powder Room Eau de Parfum,,4.1,83,Powder Room Eau de Parfum
64,Evangeline,Eau de Perfume Musk Series,White Musk,4.5,81,Eau de Perfume Musk Series White Musk
65,Mykonos,Vanilla Clouds Dreamer's Collection EDP,,4.0,81,Vanilla Clouds Dreamer's Collection EDP
66,Yves Saint Laurent,Mon Paris Eau de Parfum,,4.7,81,Mon Paris Eau de Parfum
67,Hermes,Twilly d’Hermes,,4.6,81,Twilly d’Hermes
68,HMNS Perfume,Alpha,,4.5,81,Alpha
69,Elie Saab,Le Parfum,,4.5,80,Le Parfum
70,Vitalis,Eau de Royale,Celebration,4.3,78,Eau de Royale Celebration
71,Juicy Couture,Viva La Juicy,,4.4,77,Viva La Juicy
72,Pucelle,Audacity Le Parfum,Glimmery,4.2,77,Audacity Le Parfum Glimmery
73,Mykonos,Matcha Latte Extrait De Parfum,,4.1,76,Matcha Latte Extrait De Parfum
74,Mykonos,Baby Love EDP,,4.5,76,Baby Love EDP
75,Salvatore Ferragamo,Signorina Misteriosa,Oriental,4.7,76,Signorina Misteriosa Oriental
76,Carl & Claire,Black Dahlia EDP,Reformulasi in November 2022,4.3,74,Black Dahlia EDP Reformulasi in November 2022
77,Evangeline,Eau De Perfume Sakura Series,Pink Sakura,4.3,73,Eau De Perfume Sakura Series Pink Sakura
78,Thierry Mugler,Alien,Jasmine,4.8,73,Alien Jasmine
79,Marina,Gold Bloom Eau de Parfum,,4.7,73,Gold Bloom Eau de Parfum
80,Evangeline,Eau De Perfume Sakura Series,White Sakura,4.2,71,Eau De Perfume Sakura Series White Sakura
81,DKNY,Be Delicious,Apple,4.0,71,Be Delicious Apple
82,Pucelle,Audacity Le Parfum,Valorous,4.4,71,Audacity Le Parfum Valorous
83,Thierry Mugler,EAU DE PARFUM SHOOTING STAR REFILLABLE SPRAY,,4.3,70,EAU DE PARFUM SHOOTING STAR REFILLABLE SPRAY
84,Oriflame,Volare Eau de Parfume,,4.1,70,Volare Eau de Parfume
85,Dior,Miss Dior Cherie,Floral,4.6,70,Miss Dior Cherie Floral
86,Narciso Rodriguez,for her Eau de Parfum,,4.6,69,for her Eau de Parfum
87,Aigner,Too Feminine,,4.3,69,Too Feminine
88,ZARA,Nuit,,4.3,68,Nuit
89,Estee Lauder,Pleasures,White Lily - Violet Leaves - Green Accents,4.3,68,Pleasures White Lily - Violet Leaves - Green Accents
90,Marina,Fresh Breeze Eau de Parfum,,4.6,67,Fresh Breeze Eau de Parfum
91,The Body Shop,Love etc..  Eau De Parfum,,4.1,66,Love etc..  Eau De Parfum
92,Katy Perry,Meow,,4.4,66,Meow
93,Versace,Bright Crystal,Fruity,4.3,66,Bright Crystal Fruity
94,HMNS Perfume,Farhampton,,4.2,65,Farhampton
95,Saff & Co.,Coco Extrait de Parfum,,4.4,65,Coco Extrait de Parfum
96,Marc Jacobs,Decadence Marc Jacobs for woman,Decadence Marc Jacobs for woman,4.38,65,Decadence Marc Jacobs for woman Decadence Marc Jacobs for woman
97,Miniso,Charming Jasmine Lady Parfume,Jasmine,4.4,64,Charming Jasmine Lady Parfume Jasmine
98,Oriflame,Amber Elixir Eau de Parfum,,4.5,64,Amber Elixir Eau de Parfum
99,Mykonos,Avra Kehdabra EDP,,4.6,63,Avra Kehdabra EDP
100,Onix,FWB,,4.5,63,FWB
101,Carolina Herrera,Good Girl,,4.6,63,Good Girl
102,HMNS Perfume,Unrosed,,4.2,63,Unrosed
103,BIES,Viva La Dolce EDP,,4.1,62,Viva La Dolce EDP
104,BVLGARI,Pour Femme,,4.3,61,Pour Femme
105,Aigner,Debut,,4.4,61,Debut
106,HINT,Noble EDP,,4.7,61,Noble EDP
107,Victoria's Secret,Angel Gold EDP,,4.6,61,Angel Gold EDP
108,Paris Hilton,Heiress,,4.3,60,Heiress
109,Evangeline,Selection Eau De Parfum,Raw Almond,3.9,60,Selection Eau De Parfum Raw Almond
110,CLINIQUE,Happy Parfume Spray,,4.0,59,Happy Parfume Spray
111,Layr Fragrance,Second Skin,,4.2,59,Second Skin
112,Carl & Claire,Delicate Embrace EDP,Reformulation in November 2022,4.1,59,Delicate Embrace EDP Reformulation in November 2022
113,Katy Perry,Purr,Fruity Floral,4.2,58,Purr Fruity Floral
114,Marina,Lovely Blush Eau de Parfum,,4.6,57,Lovely Blush Eau de Parfum
115,Miniso,Blooming Bouquet Eau de Parfum,,4.2,57,Blooming Bouquet Eau de Parfum
116,Pucelle,Audacity Le Parfum,Ascendant,4.3,56,Audacity Le Parfum Ascendant
117,J Lo by Jennifer Lopez,STILL,FLOWERY,4.6,56,STILL FLOWERY
118,Alchemist Fragrance,Galleria Eau de Parfum,,4.6,56,Galleria Eau de Parfum
119,Bonavie,Eau De Parfum,Creme Cenele,4.6,55,Eau De Parfum Creme Cenele
120,Kate Spade,Cherie EDP,,4.7,55,Cherie EDP
121,BVLGARI,Jasmin Noir,,4.3,55,Jasmin Noir
122,Alchemist Fragrance,Home Garden Eau de Parfum,,4.3,53,Home Garden Eau de Parfum
123,Britney Spears,Fantasy,Sweet fruity,4.3,52,Fantasy Sweet fruity
124,Aniverable,Extrait De Parfum,Iris,5.0,52,Extrait De Parfum Iris
125,BVLGARI,Aqva Marine,,4.3,51,Aqva Marine
126,Mine.,La Bohème,,4.3,51,La Bohème
127,Coach,Coach new york,EDP,4.1,51,Coach new york EDP
128,Bonavie,Eau De Parfum,Fleur du Jardin,4.3,51,Eau De Parfum Fleur du Jardin
129,ZARA,Nude Bouquet EDP,,4.8,50,Nude Bouquet EDP
130,Miniso,Crystal Diamond Perfume,,4.7,50,Crystal Diamond Perfume
131,Chanel,No 5 Chanel Paris Eau De Parfum,,4.3,50,No 5 Chanel Paris Eau De Parfum
132,Saff & Co.,Cascavel Extrait de Parfum,Reformulation in March 2023,4.3,50,Cascavel Extrait de Parfum Reformulation in March 2023
133,Chanel,Coco Mademoiselle Intense,Coco Mademoiselle Intense,4.7,49,Coco Mademoiselle Intense Coco Mademoiselle Intense
134,Oriflame,Possess Eau de Parfum,,4.7,49,Possess Eau de Parfum
135,Guess,guess guess for woman,floral fruity sweet citrus fresh,4.2,48,guess guess for woman floral fruity sweet citrus fresh
136,BVLGARI,Rose Goldea Eau de Parfum,,4.4,48,Rose Goldea Eau de Parfum
137,Carolina Herrera,212 sexy,sweet musky vanilla citrus soft spicy powdery,4.5,47,212 sexy sweet musky vanilla citrus soft spicy powdery
138,Burberry,London,,4.2,47,London
139,Mykonos,Coconut Dreams Dreamer's Collection EDP,,4.0,47,Coconut Dreams Dreamer's Collection EDP
140,Morris,Morris Tropical Romance 110ml,,4.7,47,Morris Tropical Romance 110ml
141,Lovillea,Eau De Parfum,Blooming Rose,4.4,47,Eau De Parfum Blooming Rose
142,Bonavie,Eau De Parfum,Marie Antoinette,4.3,46,Eau De Parfum Marie Antoinette
143,Evangeline,Eau De Perfume Batik Series,Elle,4.3,45,Eau De Perfume Batik Series Elle
144,Onix,Mexicola,,4.2,45,Mexicola
145,Juicy Couture,Viva La Juicy Gold,,4.4,45,Viva La Juicy Gold
146,Mine.,Beige 96,,4.2,44,Beige 96
147,Kitschy,Date Night,,4.2,44,Date Night
148,Saff & Co.,Minouet Extrait de Parfum,,4.8,44,Minouet Extrait de Parfum
149,Lovillea,Eau De Parfum,Enchanting Lily,4.5,44,Eau De Parfum Enchanting Lily
150,LA RIVE,In Woman,,4.2,44,In Woman
151,Lovillea,Eau De Parfum,Classy Freesia,4.1,43,Eau De Parfum Classy Freesia
152,Diptyque,L’Ombre dans l’Eau,,4.6,43,L’Ombre dans l’Eau
153,Saff & Co.,Saff Extrait de Parfum,,4.1,43,Saff Extrait de Parfum
154,Alchemist Fragrance,Out West Extrait De Parfum,,4.0,42,Out West Extrait De Parfum
155,Elizabeth Arden,5TH Avenue EDP,,4.6,41,5TH Avenue EDP
156,Mine.,Lucid Dreams,,4.0,40,Lucid Dreams
157,Burberry,Body EDP,,4.3,39,Body EDP
158,Scarlett,Eau De Parfum,Sweet Memories,4.5,39,Eau De Parfum Sweet Memories
159,Mykonos,Utopia Extrait De Parfum,,4.4,39,Utopia Extrait De Parfum
160,Lancome,Tresor Midnight Rose,Sweet Fruity-Floral,4.4,39,Tresor Midnight Rose Sweet Fruity-Floral
161,Mykonos,Satin Blanc Extrait De Parfum,,4.2,39,Satin Blanc Extrait De Parfum
162,Buttonscarves Beauty,Eau de Parfume,Colmar,4.3,38,Eau de Parfume Colmar
163,Carl & Claire,Spring Sonata EDP,Reformulation in November 2022,4.4,38,Spring Sonata EDP Reformulation in November 2022
164,Pinkberry,EDP Dream Parfume,,3.8,38,EDP Dream Parfume
165,Mine.,Floraison,,4.3,37,Floraison
166,Mykonos,Moroccan Vanilla EDP,,4.3,37,Moroccan Vanilla EDP
167,Evangeline,Eau De Perfume Hijab Series,Rania,4.5,37,Eau De Perfume Hijab Series Rania
168,Lancome,La Nuit Tresor,,4.28,36,La Nuit Tresor
169,Jeanne Arthes,Boum,vanille,4.53,36,Boum vanille
170,Kitschy,Feels Forever Vacation,,4.1,36,Feels Forever Vacation
171,Elie Saab,Le Parfume Intense,,4.4,36,Le Parfume Intense
172,Evangeline,Eau De Perfume Batik Series,Evolve,4.5,36,Eau De Perfume Batik Series Evolve
173,BYREDO,Blanche EDP,,4.37,35,Blanche EDP
174,Mykonos,Verve EDP,,4.5,35,Verve EDP
175,Oriflame,Miss Giordani Eau de Parfume,Floral,4.6,35,Miss Giordani Eau de Parfume Floral
176,Lancome,Miracle for Women Eau de Parfume,Women,4.7,35,Miracle for Women Eau de Parfume Women
177,Alt Perfumery,Moroccan Sunset EDP,,4.3,34,Moroccan Sunset EDP
178,Carl & Claire,Morning Glory EDP,Reformulation in November 2022,4.8,34,Morning Glory EDP Reformulation in November 2022
179,Mine.,Narcotique,,4.1,34,Narcotique
180,The Body Shop,Swietenia Eau De Parfume,,4.5,34,Swietenia Eau De Parfume
181,Taylor Swift,Wonderstruck,,4.0,34,Wonderstruck
182,BVLGARI,Mon Jasmine Noir,,4.2,34,Mon Jasmine Noir
183,Alchemist Fragrance,Onirique Extrait de Parfum,,4.7,34,Onirique Extrait de Parfum
184,Viktor and Rolf,Flowerbomb by Viktor and Rolf,,4.5,33,Flowerbomb by Viktor and Rolf
185,Miniso,Pink Perfume,Melbourne Pink Lake Perfume,4.3,33,Pink Perfume Melbourne Pink Lake Perfume
186,Evangeline,Eau De Perfume Sakura Series,Blue Sakura,4.4,33,Eau De Perfume Sakura Series Blue Sakura
187,Coach,Floral Eau de Parfum,,4.3,33,Floral Eau de Parfum
188,Chloe,Chloé Love Story,,4.1,33,Chloé Love Story
189,Burberry,Weekend for Women,,4.2,33,Weekend for Women
190,Morris,Morris Tropical Edition Nature EDP,,3.9,33,Morris Tropical Edition Nature EDP
191,Carl & Claire,Take My Hand EDP,Reformulation in November 2022,4.3,33,Take My Hand EDP Reformulation in November 2022
192,HMNS Perfume,The Perfection,,4.2,33,The Perfection
193,Mykonos,Milk Drops Extrait De Parfum,,3.8,33,Milk Drops Extrait De Parfum
194,Gucci,Eau de parfume,Flora,4.1,32,Eau de parfume Flora
195,Evangeline,Eau De Perfume Batik Series,Bright,4.0,32,Eau De Perfume Batik Series Bright
196,Mykonos,Blossom EDP,,4.7,31,Blossom EDP
197,Chanel,Gabrielle Eau de Parfum,,4.1,31,Gabrielle Eau de Parfum
198,Miniso,Green Tea Classic,,4.6,31,Green Tea Classic
199,Saff & Co.,ILIAD Extrait de Parfum,,4.6,31,ILIAD Extrait de Parfum
200,Mykonos,Pink Beach EDP,,4.2,31,Pink Beach EDP
201,Mykonos,Dolce Cherry Extrait De Parfum,,4.0,31,Dolce Cherry Extrait De Parfum
202,Buttonscarves Beauty,Eau de Parfume,Bilbao,4.3,31,Eau de Parfume Bilbao
203,HMNS Perfume,ORGSM,Darker Shades Of Orgasm,4.3,31,ORGSM Darker Shades Of Orgasm
204,Evangeline,Premium Eau De Parfum,Baby Powder,3.9,31,Premium Eau De Parfum Baby Powder
205,Layr Fragrance,Forbidden Garden,,4.2,30,Forbidden Garden
206,Pinkberry,Twinkle EDP,,4.2,30,Twinkle EDP
207,Evangeline,Selection Eau De Parfum,Coconut Fantasy,4.2,30,Selection Eau De Parfum Coconut Fantasy
208,Mykonos,Stilettos EDP,,3.8,30,Stilettos EDP
209,Kitschy,Feels Eau de Parfume,Golden Hour,4.5,30,Feels Eau de Parfume Golden Hour
210,Mykonos,Ivory EDP,,4.1,30,Ivory EDP
211,HINT,Cotton EDP,,4.8,30,Cotton EDP
212,BIES,Blossom Meadow EDP,,4.3,30,Blossom Meadow EDP
213,Gucci,Gucci bamboo,Bamboo,4.5,30,Gucci bamboo Bamboo
214,Carl & Claire,Song of the Youth EDP,Reformulation in November 2022,4.8,29,Song of the Youth EDP Reformulation in November 2022
215,Scarlett,Eau De Parfum,Euphoria,4.8,29,Eau De Parfum Euphoria
216,Mykonos,Caramel Fudge Cookie EDP,,3.9,29,Caramel Fudge Cookie EDP
217,Mykonos,Sansa EDP,,4.1,29,Sansa EDP
218,Scarlett,Velvet Rouge Extrait De Parfum,,4.8,29,Velvet Rouge Extrait De Parfum
219,Dolce & Gabbana,The Only One Eau de Parfum,,4.6,29,The Only One Eau de Parfum
220,Paris Hilton,Sheer,Fruity floral,3.7,29,Sheer Fruity floral
221,Morris,morris eau de parfum,princess,4.1,29,morris eau de parfum princess
222,Dolce & Gabbana,L’Impératrice Eau de Toilette,,4.6,29,L’Impératrice Eau de Toilette
223,Teratu Beauty,Early Morning Eau De Parfum,,4.5,29,Early Morning Eau De Parfum
224,Yves Saint Laurent,Parisienne,blackberry damask rose and sandalwood,4.5,29,Parisienne blackberry damask rose and sandalwood
225,Mykonos,Bonfire Vanilla Extrait De Parfum,,4.1,29,Bonfire Vanilla Extrait De Parfum
226,Onix,Senoparty,,4.0,29,Senoparty
227,HMNS Perfume,Scent of a Woman,,3.7,28,Scent of a Woman
228,Carl & Claire,A Love Like This EDP,Reformulasi in November 2022,4.2,28,A Love Like This EDP Reformulasi in November 2022
229,Dior,Miss Dior Eau de Parfum,,4.7,28,Miss Dior Eau de Parfum
230,Carl & Claire,Lavish EDP,,4.2,28,Lavish EDP
231,Salvatore Ferragamo,Signorina Eleganza,,4.1,28,Signorina Eleganza
232,LA RIVE,Touch of Woman,,4.3,28,Touch of Woman
233,Dior,Sauvage Eau de Parfum,,4.6,28,Sauvage Eau de Parfum
234,HINT,Noble Extrait De Parfum,,4.8,28,Noble Extrait De Parfum
235,Carolina Herrera,212 VIP ROSE,"Champagne rosÃ©, Fleur de PÃªcher, Queen Wood, white musk, enveloping amber.",4.5,28,"212 VIP ROSE Champagne rosÃ©, Fleur de PÃªcher, Queen Wood, white musk, enveloping amber."
236,Yves Saint Laurent,Libre Eau de Parfum Intense,,4.5,28,Libre Eau de Parfum Intense
237,Lancome,Idole  Le Parfum,,4.2,28,Idole  Le Parfum
238,ZARA,Lightly Bloom,Eau De Parfume,4.5,27,Lightly Bloom Eau De Parfume
239,Tous,Gold Tous,,4.7,27,Gold Tous
240,Pinkberry,Wild Blush EDP,,3.9,27,Wild Blush EDP
241,Project 1945,Princess of Java EDP,,4.4,27,Princess of Java EDP
242,Avicenna,Sincere,,4.7,27,Sincere
243,HMNS Perfume,Y? Series,XX,4.3,27,Y? Series XX
244,HINT,Resurrect EDP,,4.2,27,Resurrect EDP
245,The Body Tale,Portrait of Kyoto,,4.6,27,Portrait of Kyoto
246,Marc Jacobs,Honey EDP,,4.0,26,Honey EDP
247,The Body Shop,White Musk Smoky Rose Eau De Parfume,,4.73,26,White Musk Smoky Rose Eau De Parfume
248,Evangeline,Selection Eau De Parfum,Strawberry,4.1,26,Selection Eau De Parfum Strawberry
249,Giorgio Armani,My Way,EDP,4.7,26,My Way EDP
250,The Body Shop,Nigritella Eau De Parfum,Flower,4.4,26,Nigritella Eau De Parfum Flower
251,Saff & Co.,Solaris Extrait De Parfum,,4.6,26,Solaris Extrait De Parfum
252,Mother of Pearl,Mother Of Perfumery,Honorable Woman,4.4,26,Mother Of Perfumery Honorable Woman
253,Guess,Guess By Marciano for Women,Fruity Vanilla,4.38,26,Guess By Marciano for Women Fruity Vanilla
254,Narciso Rodriguez,Pure Musc For Her,,4.5,25,Pure Musc For Her
255,Bonavie,Eau De Parfum,Le Jasmin Doux,4.2,25,Eau De Parfum Le Jasmin Doux
256,Musk by Lilian Ashley,Musk by Lilian Ashley EDP,Tender Touch,4.08,25,Musk by Lilian Ashley EDP Tender Touch
257,Diptyque,Philosykos,Eau de Parfum,3.4,25,Philosykos Eau de Parfum
258,Mykonos,Black Opera EDP,,4.1,25,Black Opera EDP
259,LA RIVE,Cute Woman,,4.2,25,Cute Woman
260,Britney Spears,Midnight Fantasy,Floral Fruity,4.0,25,Midnight Fantasy Floral Fruity
261,Carl & Claire,Talking to the Moon EDP,Reformulation in November 2022,4.1,25,Talking to the Moon EDP Reformulation in November 2022
262,ELOI COCO,Bubbles,,4.2,25,Bubbles
263,Mykonos,Berry Caramel Pancake EDP,,3.9,25,Berry Caramel Pancake EDP
264,Mykonos,Musk Aura EDP,,4.3,24,Musk Aura EDP
265,Aigner,Pour Femme,,4.3,24,Pour Femme
266,Dior,Joy Eau de Parfum,,4.0,24,Joy Eau de Parfum
267,Mykonos,Dark Secret Extrait De Parfum,,4.6,24,Dark Secret Extrait De Parfum
268,Calvin Klein,Euphoria,,4.3,24,Euphoria
269,Saff & Co.,Maleali Extrait de Parfum,,4.3,24,Maleali Extrait de Parfum
270,Mine.,Almalika,,3.9,24,Almalika
271,Evangeline,Selection Eau De Parfum,Sugar Biscuit,3.9,24,Selection Eau De Parfum Sugar Biscuit
272,Bonavie,Eau De Parfum,Mon Petit Soleil,4.4,24,Eau De Parfum Mon Petit Soleil
273,Victoria's Secret,Eau So Sexy EDP,,4.7,23,Eau So Sexy EDP
274,Evangeline,Selection Eau De Parfum,Green Tea,3.6,23,Selection Eau De Parfum Green Tea
275,Mine.,TATAMI,,4.2,23,TATAMI
276,Fordive,Atlantis,,4.5,23,Atlantis
277,Saff & Co.,Irai Leima EDP,,4.4,23,Irai Leima EDP
278,Etre Parfums,Force D'Ame,,4.8,23,Force D'Ame
279,The Body Shop,Black Musk Eau de Parfum,,4.5,23,Black Musk Eau de Parfum
280,Pucelle,Eau De Luxe Parfum,The Dazzler,4.6,23,Eau De Luxe Parfum The Dazzler
281,Pucelle,Eau De Luxe Parfum,The Goddess,4.1,23,Eau De Luxe Parfum The Goddess
282,HINT,Zencha EDP,,4.8,22,Zencha EDP
283,Lady Gaga,Fame,Atropa belladonna incense honey saffron apricot tiger orchid,4.3,22,Fame Atropa belladonna incense honey saffron apricot tiger orchid
284,Nina Ricci,Nina,,4.4,22,Nina
285,Moschino,Toy 2,,4.7,22,Toy 2
286,Mykonos,Rouge EDP,,4.7,22,Rouge EDP
287,Lanvin,Marry Me,Fruity Floral,4.3,22,Marry Me Fruity Floral
288,Mykonos,Pink Drops EDP,,4.1,22,Pink Drops EDP
289,Mother of Pearl,Mother Of Perfumery,Savage Vanilla,4.3,22,Mother Of Perfumery Savage Vanilla
290,Mykonos,Senja EDP,,3.8,22,Senja EDP
291,Evangeline,Eau De Perfume Zodiac Series,Capricorn,4.4,21,Eau De Perfume Zodiac Series Capricorn
292,One Direction,That Moment,Fruity,4.5,21,That Moment Fruity
293,Kahf,Revered Oud Eau De Parfum,,4.1,21,Revered Oud Eau De Parfum
294,Carl & Claire,Vanilla and Beyond EDP,,4.0,21,Vanilla and Beyond EDP
295,Glossier,You Eau de Parfum,,4.7,21,You Eau de Parfum
296,Mykonos,Sparkling Rose Extrait De Parfum,,4.4,21,Sparkling Rose Extrait De Parfum
297,Narciso Rodriguez,Narciso Poudree,,4.5,21,Narciso Poudree
298,Layr Fragrance,Get Naked,,4.5,21,Get Naked
299,Geparlys,Delice Nacre,,4.9,21,Delice Nacre
300,Katy Perry,Killer Queen,,4.2,21,Killer Queen
301,Miniso,Dear True Love Perfume,,4.1,21,Dear True Love Perfume
302,Dolce & Gabbana,Light Blue Intense EDP,,4.4,21,Light Blue Intense EDP
303,BIES,Blossom Garden EDP,,4.29,21,Blossom Garden EDP
304,Etre Parfums,Volcanique,,4.4,21,Volcanique
305,Careso,Sweet Violet EDP,,4.9,20,Sweet Violet EDP
306,ZARA,Violet Blossom,,4.4,20,Violet Blossom
307,Onix,Gratitude,,4.2,20,Gratitude
308,Iki Arum,Wengi,,4.5,20,Wengi
309,Giorgio Armani,Acqua di Gioia,"Notes: Mint, Brown Sugar, Lemon, Jasmine, Peony, Pink Pepper, Cedarwood, Labdanum.",4.1,19,"Acqua di Gioia Notes: Mint, Brown Sugar, Lemon, Jasmine, Peony, Pink Pepper, Cedarwood, Labdanum."
310,Evangeline,Eau De Perfume Batik Series,Charm,4.1,19,Eau De Perfume Batik Series Charm
311,Mykonos,Seven Roses EDP,,4.1,19,Seven Roses EDP
312,Evangeline,Selection Eau De Parfum,Cherry Blossom,3.9,19,Selection Eau De Parfum Cherry Blossom
313,Mother of Pearl,Mother Of Perfumery,Pistachi-Oh!,4.5,19,Mother Of Perfumery Pistachi-Oh!
314,HINT,Silk EDP,,4.7,19,Silk EDP
315,Geparlys,Si Belle,,5.0,19,Si Belle
316,HINT,Realm Main EDP,,4.1,19,Realm Main EDP
317,Dior,Jadore Essence de Parfum,,4.6,19,Jadore Essence de Parfum
318,Kitschy,Skin Symphony Extrait de Perfume,,4.4,19,Skin Symphony Extrait de Perfume
319,Lancome,Tresor In Love Eau de Parfum,,4.5,19,Tresor In Love Eau de Parfum
320,Tom Ford,Black Orchid,,4.6,19,Black Orchid
321,BRASOV,EDP Hijab Perfumes,Yasmeen,4.3,19,EDP Hijab Perfumes Yasmeen
322,Calvin Klein,Calvin Klein Eternity for Women,,4.4,18,Calvin Klein Eternity for Women
323,BYREDO,Mojave Ghost EDP,,3.7,18,Mojave Ghost EDP
324,Etre Parfums,Libre d'Esprit,,4.5,18,Libre d'Esprit
325,Miniso,Fascinating Sakura,Aroma Flower Daily Activity,4.11,18,Fascinating Sakura Aroma Flower Daily Activity
326,Mykonos,"XOXO, Rosy EDP",,3.9,18,"XOXO, Rosy EDP"
327,Project 1945,Bamboe Roencing EDP,,4.8,18,Bamboe Roencing EDP
328,Dior,Louis Vuitton Les Sable Rose,,4.5,18,Louis Vuitton Les Sable Rose
329,Evangeline,Eau De Perfume Sakura Series,Violet Sakura,4.0,18,Eau De Perfume Sakura Series Violet Sakura
330,Narciso Rodriguez,For Her,Fleur Musc,4.72,18,For Her Fleur Musc
331,Dior,Absolutely Blooming,Edp,4.4,18,Absolutely Blooming Edp
332,Teratu Beauty,Executives Eau de Parfum,,4.5,18,Executives Eau de Parfum
333,Bon Parfumeur,"003 Yuzu, Violet Leaves, Vetiver",,4.3,18,"003 Yuzu, Violet Leaves, Vetiver"
334,Mykonos,Jynx EDP,,4.4,17,Jynx EDP
335,Layr Fragrance,Extrait De Parfum,Slow Dance,4.4,17,Extrait De Parfum Slow Dance
336,Oullu,Zephyr Eau de Perfume,,4.1,17,Zephyr Eau de Perfume
337,Kenzo,Amour,Floral,4.3,17,Amour Floral
338,Mykonos,Pistachio Cream Cake EDP,,2.8,17,Pistachio Cream Cake EDP
339,BYREDO,Rose of No Man's Land Eau de Parfum,,4.5,17,Rose of No Man's Land Eau de Parfum
340,HINT,Metaverse EDP,,4.5,17,Metaverse EDP
341,Chloe,Nomade Eau de Parfum,,4.6,17,Nomade Eau de Parfum
342,The Body Shop,Bowhanti Eau De Parfum,Spicy Woods,4.5,17,Bowhanti Eau De Parfum Spicy Woods
343,LA RIVE,Miss Dream,,4.5,17,Miss Dream
344,BYREDO,Bal D'Afrique EDP,,4.2,17,Bal D'Afrique EDP
345,Chanel,Bleu de Chanel Eau de Parfum,,4.5,17,Bleu de Chanel Eau de Parfum
346,Buttonscarves Beauty,Eau de Parfume,Bora - Bora,4.6,17,Eau de Parfume Bora - Bora
347,Stella McCartney,Stella Eau de Parfum,,4.1,16,Stella Eau de Parfum
348,Avicenna,Miracle,,4.13,16,Miracle
349,Maison Francis Kurkdjian,Baccarat Rouge 540 Extrait,Baccarat Rouge 540 Extrait,4.3,16,Baccarat Rouge 540 Extrait Baccarat Rouge 540 Extrait
350,Pinkberry,Emily in Paris Espoir,,4.6,16,Emily in Paris Espoir
351,Mykonos,Zora EDP,,4.3,16,Zora EDP
352,Oullu,Deep Dive Eau de Perfume,,4.3,16,Deep Dive Eau de Perfume
353,Versace,Versace Pour Femme Dylan Blue,Eau de Parfume,4.2,16,Versace Pour Femme Dylan Blue Eau de Parfume
354,Guerlain,mon guerlain,,4.5,16,mon guerlain
355,Le Labo,Another 13 EDP,Another 13,4.5,16,Another 13 EDP Another 13
356,Jeanne Arthes,PRIVATE ROOM,Warm Sandalwood Vanilla,4.1,16,PRIVATE ROOM Warm Sandalwood Vanilla
357,Giorgio Armani,Si Passione Eau de Parfum,,4.63,16,Si Passione Eau de Parfum
358,Oullu,Bird Song Eau de Perfume,,4.1,16,Bird Song Eau de Perfume
359,Mykonos,When In Paris EDP,,4.0,16,When In Paris EDP
360,HMNS Perfume,Addict,,4.1,16,Addict
361,Burberry,Her EDP,,4.2,16,Her EDP
362,Morris,Eau De Parfum Frosted Edition,Rose Vanilla,4.0,16,Eau De Parfum Frosted Edition Rose Vanilla
363,Oullu,Ego Eau de Perfume,,4.8,16,Ego Eau de Perfume
364,Chloe,See By Chloé Eau Fraîche,,4.3,16,See By Chloé Eau Fraîche
365,Versace,Bright Crystal Absolu,,4.3,16,Bright Crystal Absolu
366,Mykonos,Eclipse EDP,,4.3,16,Eclipse EDP
367,ZARA,Elegantly Tokyo,,4.6,16,Elegantly Tokyo
368,Evangeline,Eau De Perfume Zodiac Series,Leo,4.4,15,Eau De Perfume Zodiac Series Leo
369,BIES,Blossom Rose EDP,,4.33,15,Blossom Rose EDP
370,Oriflame,Sublime Nature,Tonka Bean,4.73,15,Sublime Nature Tonka Bean
371,Tom Ford,Lost Cherry,,4.4,15,Lost Cherry
372,Chloe,"Love, Chloe",,4.8,15,"Love, Chloe"
373,Avicenna,Blossom,,4.0,15,Blossom
374,Maison Francis Kurkdjian,À la rose,,4.6,15,À la rose
375,HINT,Identity Main EDP,,3.4,15,Identity Main EDP
376,Oullu,Solar Rays Eau de Perfume,,4.1,15,Solar Rays Eau de Perfume
377,Aniverable,Extrait De Parfum,Dynastic Queen,5.0,15,Extrait De Parfum Dynastic Queen
378,Chanel,Coco Chanel Eau de Parfum Paris,,4.5,15,Coco Chanel Eau de Parfum Paris
379,The Body Shop,Kahaia Eau De Parfum,,4.6,15,Kahaia Eau De Parfum
380,BIES,Blossom Avenue EDP,,4.73,15,Blossom Avenue EDP
381,Mykonos,Crystals EDP,,4.6,15,Crystals EDP
382,Lanvin,LANVIN ECLAT D ARPEGE,"floral, fresh, green, musky, fruity, ozonic",4.3,15,"LANVIN ECLAT D ARPEGE floral, fresh, green, musky, fruity, ozonic"
383,BRASOV,EDP Hijab Perfumes,Mecca,4.1,15,EDP Hijab Perfumes Mecca
384,Layr Fragrance,Extrait De Parfum,Villa Enigma,4.6,15,Extrait De Parfum Villa Enigma
385,Giorgio Armani,Si Intense 2021,,4.7,15,Si Intense 2021
386,Iki Arum,Loro,,4.7,15,Loro
387,Geparlys,Be Seduced Girl Party,,5.0,15,Be Seduced Girl Party
388,Citizens of The World,AV. Montaigne,,4.7,15,AV. Montaigne
389,Mother of Pearl,Mother Of Perfumery,Easy Life,4.1,15,Mother Of Perfumery Easy Life
390,Justin Bieber,Someday Edp 100 ml,Fruity,4.7,15,Someday Edp 100 ml Fruity
391,CLINIQUE,Clinique Happy for Women,,4.5,15,Clinique Happy for Women
392,Evangeline,Eau De Perfume Zodiac Series,Cancer,4.0,15,Eau De Perfume Zodiac Series Cancer
393,Mykonos,Violette EDP,,4.7,15,Violette EDP
394,Guerlain,Mon Guerlain Eau de Parfum Florale,,4.8,15,Mon Guerlain Eau de Parfum Florale
395,BRASOV,Signature,02 Amethyst,4.5,15,Signature 02 Amethyst
396,Mykonos,Paradise EDP,,4.6,15,Paradise EDP
397,Iki Arum,Gendhis,,4.7,15,Gendhis
398,HMNS Perfume,Essence of The Night,,4.4,15,Essence of The Night
399,The Body Shop,Dreams Unlimited,,4.1,14,Dreams Unlimited
400,Evangeline,Eau De Perfume Hijab Series,Maira,4.1,14,Eau De Perfume Hijab Series Maira
401,Yves Saint Laurent,Libre Le Parfum,,4.8,14,Libre Le Parfum
402,Carl & Claire,Dancing with My Shadow EDP,Reformulation in November 2022,4.4,14,Dancing with My Shadow EDP Reformulation in November 2022
403,Evangeline,Eau de Perfume Musk Series,Pink Musk,4.29,14,Eau de Perfume Musk Series Pink Musk
404,Ready Set Perfumery,Sheila Arief Collection EDP,Memoire 21,4.5,14,Sheila Arief Collection EDP Memoire 21
405,Hermes,Terre D'Hermes,,4.6,14,Terre D'Hermes
406,Teratu Beauty,Body & the Scents of Teratu Beauty EDP,Rose Bouquet,4.8,14,Body & the Scents of Teratu Beauty EDP Rose Bouquet
407,Nuxe,Prodigieux Le Parfume,,4.4,14,Prodigieux Le Parfume
408,LA RIVE,Queen Of Life,,4.0,14,Queen Of Life
409,Fordive,Love Yourself,,4.4,14,Love Yourself
410,YN Perfumery,The Duchess Eau De Parfum,,4.8,14,The Duchess Eau De Parfum
411,Evangeline,Eau De Perfume Bloom Series,Lavie,4.7,14,Eau De Perfume Bloom Series Lavie
412,Smells Good,Tulipe,,4.6,14,Tulipe
413,Fetch,Discovery Set,,4.4,14,Discovery Set
414,Morris,Morris Tropical Edition - Floral,,4.4,14,Morris Tropical Edition - Floral
415,Dolce & Gabbana,Dolce and Gabbana The One,Vanilla-fruity-white floral-sweet-powdery-amber,4.4,14,Dolce and Gabbana The One Vanilla-fruity-white floral-sweet-powdery-amber
416,Jeanne Arthes,Romantic,,4.5,14,Romantic
417,Mine.,Ethereal Extreme,,4.2,14,Ethereal Extreme
418,Teratu Beauty,Body & the Scents by Teratu Beauty EDP,Banquete,4.5,14,Body & the Scents by Teratu Beauty EDP Banquete
419,Alien Objects,Aurora,,4.9,14,Aurora
420,Chanel,Allure Women,,4.7,14,Allure Women
421,Jafra,Gardenia Blossom EDP,,4.9,14,Gardenia Blossom EDP
422,Le Labo,Santal 33 Eau De Parfum,,4.2,14,Santal 33 Eau De Parfum
423,Versace,Versace Eros Pour Femme,"Floral, woody, musk",4.7,14,"Versace Eros Pour Femme Floral, woody, musk"
424,Fordive,Eau De Parfum,1970,5.0,13,Eau De Parfum 1970
425,Mykonos,Intimate Affair EDP,,4.6,13,Intimate Affair EDP
426,Valentino,Valentina,,4.8,13,Valentina
427,Thierry Mugler,Mugler,Angel Muse,4.4,13,Mugler Angel Muse
428,Dior,Christian Dior Hypnotic Poison,,4.38,13,Christian Dior Hypnotic Poison
429,Morris,Eau De Parfum Hijab Edition,Arafah,4.5,13,Eau De Parfum Hijab Edition Arafah
430,ZARA,Deep Garden,,4.7,13,Deep Garden
431,Paco Rabanne,Lady Million EDP,,3.6,13,Lady Million EDP
432,Bath and Body Works,In The Stars EDP,,4.8,13,In The Stars EDP
433,Chanel,No 5 L’eau,,4.3,13,No 5 L’eau
434,The Body Tale,Sip Me Litchi,,4.9,13,Sip Me Litchi
435,Giorgio Armani,Armani Code for Women,Floral Oriental,3.8,13,Armani Code for Women Floral Oriental
436,Scarlett,Eau De Parfum,Passionate,4.5,13,Eau De Parfum Passionate
437,Teratu Beauty,After Midnight Eau De Parfum,,4.5,13,After Midnight Eau De Parfum
438,HINT,Dragon EDP,,4.4,13,Dragon EDP
439,HINT,Epitome EDP,,4.4,13,Epitome EDP
440,Morris,Morris Tropical Edition - Fruity,,4.6,12,Morris Tropical Edition - Fruity
441,BRASOV,EDP Hijab Perfumes,Najwa,4.4,12,EDP Hijab Perfumes Najwa
442,Dior,Addict,Oriental Floral,4.7,12,Addict Oriental Floral
443,Hugo Boss,Femme EDP,,4.5,12,Femme EDP
444,Victoria's Secret,Bombshell EDP Rollerball,,4.4,12,Bombshell EDP Rollerball
445,Dior,J'adore Absolue,,4.9,12,J'adore Absolue
446,Diptyque,Fleur de Peau,,4.8,12,Fleur de Peau
447,Careso,Eau De Parfume,Velvet Rose,4.9,12,Eau De Parfume Velvet Rose
448,Kahf,Saffron Oud Eau De Parfum,,4.8,12,Saffron Oud Eau De Parfum
449,BRASOV,EDP Hijab Perfumes,Barra,4.5,12,EDP Hijab Perfumes Barra
450,Maison Francis Kurkdjian,Oud Satin Mood,,4.4,12,Oud Satin Mood
451,Juicy Couture,Viva La Juicy Noir,,4.5,12,Viva La Juicy Noir
452,Evangeline,Eau De Perfume Zodiac Series,Virgo,4.33,12,Eau De Perfume Zodiac Series Virgo
453,Oullu,Dia Eau de Perfume,,4.8,12,Dia Eau de Perfume
454,Givenchy,L'Interdit,,4.4,12,L'Interdit
455,Evangeline,Selection Eau De Parfum,Summer Peach,4.3,12,Selection Eau De Parfum Summer Peach
456,Miniso,Tea Series Eau De Parfum,Green Tea,3.8,12,Tea Series Eau De Parfum Green Tea
457,BYREDO,La Tulipe EDP,,4.7,12,La Tulipe EDP
458,ZARA,Rose Gourmand EDP,,4.8,12,Rose Gourmand EDP
459,Crusita,Extrait De Parfum,Scandal,4.7,12,Extrait De Parfum Scandal
460,BRASOV,EDP Hijab Perfumes,Sulthan,4.5,12,EDP Hijab Perfumes Sulthan
461,Tous,Touch,Fresh floral,4.33,12,Touch Fresh floral
462,Britney Spears,Curious,Fruity Floral,4.1,12,Curious Fruity Floral
463,ZARA,White Jasmine Eau de Parfum,,4.6,12,White Jasmine Eau de Parfum
464,Evangeline,Eau De Perfume Zodiac Series,Taurus,4.4,12,Eau De Perfume Zodiac Series Taurus
465,Hermes,Jour d’Hermès,,4.8,12,Jour d’Hermès
466,Kitschy,Feels Memory Lane Extrait de Parfum,,4.8,12,Feels Memory Lane Extrait de Parfum
467,Morris,Glam EDP,Pure Romantic,4.7,12,Glam EDP Pure Romantic
468,Carl & Claire,Sovereign EDP,,4.4,12,Sovereign EDP
469,ZARA,Powdery Magnolia,"Rose, Floral, Musky",4.58,12,"Powdery Magnolia Rose, Floral, Musky"
470,Estee Lauder,Modern Muse,Eau de Parfum,4.0,12,Modern Muse Eau de Parfum
471,Mother of Pearl,Mother Of Perfumery,Butterfly Kiss,4.4,12,Mother Of Perfumery Butterfly Kiss
472,Careso,Eau De Parfume,Jasmine Blossoms,4.5,12,Eau De Parfume Jasmine Blossoms
473,Marc Jacobs,Lola,,4.3,11,Lola
474,Mykonos,Bloody Mary EDP,,4.55,11,Bloody Mary EDP
475,Evangeline,Selection Eau De Parfum,Royal Lavender,3.9,11,Selection Eau De Parfum Royal Lavender
476,Jarte Beauty,Close To Skin Eau De Parfum X Amelia Bunjamin,,4.6,11,Close To Skin Eau De Parfum X Amelia Bunjamin
477,ZARA,Fields at Nightfall,,4.7,11,Fields at Nightfall
478,Burberry,My Burberry,Floral,4.4,11,My Burberry Floral
479,Paris Hilton,Can Can,,4.5,11,Can Can
480,Victoria's Secret,Scandalous EDP Rollerball,,4.6,11,Scandalous EDP Rollerball
481,BRASOV,EDP Hijab Perfumes,Aqila,3.7,11,EDP Hijab Perfumes Aqila
482,Hermes,Twilly d'Hermes Eau Poivree,,4.5,11,Twilly d'Hermes Eau Poivree
483,Salsa Cosmetic,Salsa Eau De Parfume,North Peony - Fresh Powdery Scent,4.4,11,Salsa Eau De Parfume North Peony - Fresh Powdery Scent
484,Evangeline,Eau De Perfume Bloom Series,Coco,4.6,11,Eau De Perfume Bloom Series Coco
485,HINT,Velvet EDP,,4.9,11,Velvet EDP
486,Dior,Maison Christian Dior Lucky EDP,,4.8,11,Maison Christian Dior Lucky EDP
487,Project 1945,Sunset in Sumba EDP,,4.9,11,Sunset in Sumba EDP
488,Mykonos,Tea Poetry Extrait De Parfum,,4.3,11,Tea Poetry Extrait De Parfum
489,Sea Gypsy,Sea Gypsy,Citrus,4.3,11,Sea Gypsy Citrus
490,Kitschy,Feels Day Dream Extrait de Parfum,,4.18,11,Feels Day Dream Extrait de Parfum
491,Issey Miyake,L’Eau D’Issey Pure Nectar de Perfume,,3.9,11,L’Eau D’Issey Pure Nectar de Perfume
492,Jean Paul Gaultier,Scandal by Night,,4.6,11,Scandal by Night
493,USUAL/SCENTLAB,Eau De Parfum,NOTHING,4.7,11,Eau De Parfum NOTHING
494,Mykonos,Hawaiian Crush,,4.3,11,Hawaiian Crush
495,HMNS Perfume,Untitled Humans,,4.5,11,Untitled Humans
496,Jimmy Choo,FLASH,,4.7,11,FLASH
497,Versace,Crystal Noir,,4.18,11,Crystal Noir
498,Avicenna,Glam,,4.0,11,Glam
499,NCLA,MADAME SIGNORA,,4.9,11,MADAME SIGNORA
500,Dior,Christian dior,Sakura,4.3,11,Christian dior Sakura
501,Evangeline,Premium Eau De Parfum,Black Opi,4.5,11,Premium Eau De Parfum Black Opi
502,Mine.,Sakura Sake,,4.4,11,Sakura Sake
503,Mykonos,Down To Earth,,3.7,11,Down To Earth
504,Bon Parfumeur,"601 Vetiver, Cedar, Bergamot",,4.9,11,"601 Vetiver, Cedar, Bergamot"
505,Juicy Couture,Viva La Juicy Rose,,4.4,11,Viva La Juicy Rose
506,Layr Fragrance,Midnight Haze,,4.6,11,Midnight Haze
507,Salvatore Ferragamo,Signorina Ribelle,,4.8,10,Signorina Ribelle
508,Mykonos,Slow Living EDP,,4.5,10,Slow Living EDP
509,The Face Shop,Soul Secret Blossom,Floral,4.7,10,Soul Secret Blossom Floral
510,HINT,Mintea EDP,,4.5,10,Mintea EDP
511,Crown Parfumes,Al Rehab Sabaya,,5.0,10,Al Rehab Sabaya
512,BIES,Blossom Hills EDP,,4.4,10,Blossom Hills EDP
513,HMNS Perfume,ORGSM,Absolute ORGSM,4.8,10,ORGSM Absolute ORGSM
514,Salsa Cosmetic,Eau De Parfume,Dandelion,4.2,10,Eau De Parfume Dandelion
515,Oriflame,The One Disguise EDP,,4.6,10,The One Disguise EDP
516,Jeanne Arthes,Sultane Noir,,4.7,10,Sultane Noir
517,Hermes,24 Faubourg,,4.9,10,24 Faubourg
518,Yves Rocher,Comme Une Evidence L'Eau de Parfum,,4.6,10,Comme Une Evidence L'Eau de Parfum
519,The Body Tale,Juliette,,5.0,10,Juliette
520,Scarlett,Golden Elixir Extrait de Parfum,,4.8,10,Golden Elixir Extrait de Parfum
521,Evangeline,Eau De Perfume Zodiac Series,Aquarius,4.1,10,Eau De Perfume Zodiac Series Aquarius
522,Evangeline,Eau De Perfume Hijab Series,Hana,4.1,10,Eau De Perfume Hijab Series Hana
523,Tom Ford,Tobacco Vanille,Sweet,4.7,10,Tobacco Vanille Sweet
524,Jeanne Arthes,Amore Mio EDP,Original,4.3,10,Amore Mio EDP Original
525,Kenzo,Flower by Kenzo L'elixir,,4.6,10,Flower by Kenzo L'elixir
526,Oriflame,Volare Forever EDP for Women,,4.5,10,Volare Forever EDP for Women
527,Rahasia Beauty,Summerscent x Rahasia Beauty,Violet Vibes,4.7,10,Summerscent x Rahasia Beauty Violet Vibes
528,Unke Naru,Eau De Parfum,For You,4.6,10,Eau De Parfum For You
529,Yves Saint Laurent,Manifesto Eau de Perfume,,4.0,10,Manifesto Eau de Perfume
530,BYREDO,Gypsy Water EDP,,3.8,10,Gypsy Water EDP
531,ZARA,Red Temptation EDP,,4.7,10,Red Temptation EDP
532,Bali Surfer's Perfume,Blue Point for Her,,3.9,10,Blue Point for Her
533,Evangeline,Selection Eau De Parfum,Mango Temptation,4.0,10,Selection Eau De Parfum Mango Temptation
534,Evangeline,Selection Eau De Parfum,Juicy Pear,4.6,10,Selection Eau De Parfum Juicy Pear
535,Ready Set Perfumery,Signature Collection EDP,Windrises,4.0,10,Signature Collection EDP Windrises
536,Layr Fragrance,Extrait De Parfum,Kyoto Jazz,4.6,10,Extrait De Parfum Kyoto Jazz
537,Skinouru,Eau de Parfum,Warm Whiskey,4.6,10,Eau de Parfum Warm Whiskey
538,BIES,Blossom Orchid EDP,,4.4,10,Blossom Orchid EDP
539,Gucci,Memoire D'une Odeur,,4.6,10,Memoire D'une Odeur
540,Teratu Beauty,Body & the Scents of Teratu Beauty EDP,H.E.R.S,4.8,10,Body & the Scents of Teratu Beauty EDP H.E.R.S
541,Carolina Herrera,212 VIP,sweet vanilla rum tropical fruity,4.5,10,212 VIP sweet vanilla rum tropical fruity
542,Jessica Simpson,Fancy,Vanilla,4.8,10,Fancy Vanilla
543,Salvatore Ferragamo,Amo Ferragamo,"Blackcurrant, Rosemary, White Vanilla",4.0,10,"Amo Ferragamo Blackcurrant, Rosemary, White Vanilla"
544,Princesse Marina De Bourbon,Golden Dynastie Marina De Bourbon,"floral, wood, green, rose",5.0,10,"Golden Dynastie Marina De Bourbon floral, wood, green, rose"
545,Madame Gie,Fragrantics Parfume Unisex,Percy,4.4,10,Fragrantics Parfume Unisex Percy
546,HINT,Leather EDP,,4.1,10,Leather EDP
547,Project 1945,Waters of Maluku EDP,,4.5,10,Waters of Maluku EDP
548,Thierry Mugler,Angel,,4.1,10,Angel
549,The Body Shop,Widdringtonia Eau De Parfume,,4.6,9,Widdringtonia Eau De Parfume
550,Dolce & Gabbana,Dolce,,4.7,9,Dolce
551,Bon Parfumeur,"401 Cedar, Candied Plum, Vanilla",,5.0,9,"401 Cedar, Candied Plum, Vanilla"
552,Valentino,Donna,,4.8,9,Donna
553,ARMAF,Club de Nuit for Women,floral fruity,4.2,9,Club de Nuit for Women floral fruity
554,Salsa Cosmetic,Eau De Parfume Sweet Magnolia,,4.0,9,Eau De Parfume Sweet Magnolia
555,ZARA,Energetically New York,,4.1,9,Energetically New York
556,Pucelle,Eau De Luxe Parfum,The Sigma,4.3,9,Eau De Luxe Parfum The Sigma
557,BRASOV,Signature,01 Garret,4.7,9,Signature 01 Garret
558,BYREDO,Flowerhead EDP,,4.7,9,Flowerhead EDP
559,Victoria's Secret,Wicked EDP,,4.9,9,Wicked EDP
560,Giorgio Armani,Sì Intense Eau de Parfum,,4.6,9,Sì Intense Eau de Parfum
561,Pinkberry,Angel EDP,Angel Blue,4.7,9,Angel EDP Angel Blue
562,Avicenna,Sunshine,,4.1,9,Sunshine
563,ZARA,Cashmere Rose Eau De Parfum,,4.1,9,Cashmere Rose Eau De Parfum
564,ZARA,Ebony Wood,,4.7,9,Ebony Wood
565,The Body Tale,Teamomile,,4.2,9,Teamomile
566,HMNS Perfume,Unpatched,,4.8,9,Unpatched
567,Bonavie,Poudre Et Plume EDP,,4.3,9,Poudre Et Plume EDP
568,Teratu Beauty,Eau de Parfum,Brown Sugar Vanilla,4.9,9,Eau de Parfum Brown Sugar Vanilla
569,Bon Parfumeur,"901 Nutmeg, Almond, Patchoulli",,5.0,9,"901 Nutmeg, Almond, Patchoulli"
570,Jeanne Arthes,Perpetual Pearl,Blend of Pineapple and Peach,4.6,9,Perpetual Pearl Blend of Pineapple and Peach
571,Victoria's Secret,"XO, Victoria EDP",,4.56,9,"XO, Victoria EDP"
572,Paco Rabanne,Paco Rabanne Olympea,,4.4,9,Paco Rabanne Olympea
573,Oriflame,Live In Colour Eau de Parfum,,4.1,9,Live In Colour Eau de Parfum
574,Lancome,Tresor,Eau de Perfume,4.4,9,Tresor Eau de Perfume
575,Kitschy,x Rania De Bloem EDP,,4.7,9,x Rania De Bloem EDP
576,Giorgio Armani,Si Fiori Eau de Parfum,,4.9,9,Si Fiori Eau de Parfum
577,Mykonos,Cafe Drops EDP,,4.4,9,Cafe Drops EDP
578,Oriflame,Amazing Paradise Eau de Parfum,,4.8,9,Amazing Paradise Eau de Parfum
579,BIES,Love Elixir EDP,,4.4,9,Love Elixir EDP
580,Hugo Boss,Ma Vie Pour Femme EDP,,4.8,9,Ma Vie Pour Femme EDP
581,Cartier,Carat Eau de Parfum,,4.78,9,Carat Eau de Parfum
582,Parfums de Marly,Delina Exclusif,,4.6,9,Delina Exclusif
583,Oullu,Umbra Eau de Perfume,,4.3,9,Umbra Eau de Perfume
584,Syca,Before The Day Ends,Afternoon Tea Time,5.0,9,Before The Day Ends Afternoon Tea Time
585,Gucci,Gucci Rush 2,,4.2,9,Gucci Rush 2
586,Swana,Eau de Parfum,Sunshine,4.6,9,Eau de Parfum Sunshine
587,House of Medici,Eau De Parfum,Fatima La Isabella,4.2,9,Eau De Parfum Fatima La Isabella
588,Fetch,Libertango,,4.4,9,Libertango
589,Geamoore,Addicted Parfum,Vanillatte,4.4,9,Addicted Parfum Vanillatte
590,USUAL/SCENTLAB,Eau de Parfume,Jasmine Bouquet,4.2,9,Eau de Parfume Jasmine Bouquet
591,Penhaligon's,Luna,,4.9,9,Luna
592,BRASOV,Signature,03 Aquamarine,4.9,9,Signature 03 Aquamarine
593,Unke Naru,Cocoa Mint EDP,,4.2,9,Cocoa Mint EDP
594,Fordive,Eau De Parfum,Shelby,5.0,9,Eau De Parfum Shelby
595,Bonavie,Eau De Parfum,La Belle Etoile,4.6,9,Eau De Parfum La Belle Etoile
596,Yves Saint Laurent,Y Eau De Parfum,,4.9,8,Y Eau De Parfum
597,Le Labo,Noir 29,,3.9,8,Noir 29
598,LA RIVE,Destinee,,3.8,8,Destinee
599,MS Glow,Bollywood Eau de Perfume,,5.0,8,Bollywood Eau de Perfume
600,Morris,Tropical Edition,Marine,4.4,8,Tropical Edition Marine
601,Citizens of The World,Sodermalm,,4.8,8,Sodermalm
602,Evangeline,Premium Eau De Parfum,Creamy Butter,4.6,8,Premium Eau De Parfum Creamy Butter
603,Personal Chemistry,Unspoken,,4.9,8,Unspoken
604,MEMOIR,Let's Freaking Go (LFG),,5.0,8,Let's Freaking Go (LFG)
605,Salvatore Ferragamo,Eau de Parfum Spray for Women,Signorina,4.5,8,Eau de Parfum Spray for Women Signorina
606,Estee Lauder,Beautiful Belle,,5.0,8,Beautiful Belle
607,Oullu,Arcana Eau de Perfume,,4.1,8,Arcana Eau de Perfume
608,Victoria's Secret,Dream Angels Heavenly EDP,,4.7,8,Dream Angels Heavenly EDP
609,Estee Lauder,Pure White Linen Eau de Parfum Spray,Fresh,4.7,8,Pure White Linen Eau de Parfum Spray Fresh
610,Evangeline,Eau De Perfume,Holy,4.5,8,Eau De Perfume Holy
611,Etre Parfums,Angélique,,4.9,8,Angélique
612,Skinouru,Eau de Parfum,Jardine Jasmine,5.0,8,Eau de Parfum Jardine Jasmine
613,Alt Perfumery,Teatime in Kyoto,,4.3,8,Teatime in Kyoto
614,Scarlett,Biru Samudra Extrait De Parfum,,4.5,8,Biru Samudra Extrait De Parfum
615,YN Perfumery,Rose In September Eau De Parfum,,4.5,8,Rose In September Eau De Parfum
616,HINT,Naked EDP,,4.8,8,Naked EDP
617,Narciso Rodriguez,Narciso Ambree,,4.4,8,Narciso Ambree
618,Calvin Klein,Calvin Klein IN2U for Her,Calvin Klein IN2U For Women for Her,4.8,8,Calvin Klein IN2U for Her Calvin Klein IN2U For Women for Her
619,Cartier,cartier la panthere,,4.6,8,cartier la panthere
620,Thierry Mugler,Aura Mugler,,4.4,8,Aura Mugler
621,Chanel,Chance Eau Tendre EDP,,5.0,8,Chance Eau Tendre EDP
622,Victoria's Secret,Crush EDP,,3.9,8,Crush EDP
623,Evangeline,Premium Eau De Parfum,Candy World,4.8,8,Premium Eau De Parfum Candy World
624,Lancome,Idole Nectar Eau de Parfum,,4.9,8,Idole Nectar Eau de Parfum
625,Estee Lauder,Beautiful Eau de Perfume Spray,,4.6,8,Beautiful Eau de Perfume Spray
626,Morris,Eau De Parfum Frosted Edition,Eternal Glacier,4.9,8,Eau De Parfum Frosted Edition Eternal Glacier
627,Buttonscarves Beauty,Eau De Perfume,Venice,3.9,8,Eau De Perfume Venice
628,Victoria's Secret,Scandalous EDP,,5.0,8,Scandalous EDP
629,Scentcode,Eau de Perfume,01 Sexy Scene,5.0,8,Eau de Perfume 01 Sexy Scene
630,Carolina Herrera,CH Eau de Parfum Sublime,,4.1,8,CH Eau de Parfum Sublime
631,Molto,Eau de Parfum,,3.4,8,Eau de Parfum
632,Katy Perry,Royal Revolution,,4.38,8,Royal Revolution
633,Lancome,hypnose,,4.1,8,hypnose
634,MS Glow,Revival Eau de Perfume,,4.88,8,Revival Eau de Perfume
635,LA RIVE,Cash Woman,,4.1,8,Cash Woman
636,Buttonscarves Beauty,Eau de Parfume,Jedda,4.1,8,Eau de Parfume Jedda
637,Guess,Seductive Eau de Parfum,,4.5,8,Seductive Eau de Parfum
638,Layr Fragrance,Extrait De Parfum,Velvet Dream,4.0,8,Extrait De Parfum Velvet Dream
639,Ready Set Perfumery,Signature Collection EDP,Koriko 1950,4.0,8,Signature Collection EDP Koriko 1950
640,Lalique,Amethyst,,3.4,8,Amethyst
641,HINT,Delicate Topper EDP,,4.8,8,Delicate Topper EDP
642,Teratu Beauty,Body & the Scents of Teratu Beauty EDP,Early Meeting,4.5,8,Body & the Scents of Teratu Beauty EDP Early Meeting
643,Paquito,Lys de France Eau De Parfume,,4.5,8,Lys de France Eau De Parfume
644,Never Not Official,Petite Avenue,,4.6,8,Petite Avenue
645,Astree Parfumerie,1750 EDP,,4.9,8,1750 EDP
646,Hugo Boss,NUIT Pour Femme,White Floral,4.25,8,NUIT Pour Femme White Floral
647,Guerlain,Idylle Women,,4.13,8,Idylle Women
648,Rihanna,Nude,Sweet Floral,4.8,8,Nude Sweet Floral
649,Victoria's Secret,Love Me EDP,,4.6,8,Love Me EDP
650,One Direction,Our moment,,4.6,8,Our moment
651,LUSH,Lust - Gorilla Perfume,,4.8,8,Lust - Gorilla Perfume
652,La Collina Toscana,Poggio in Fiore,,4.1,8,Poggio in Fiore
653,USUAL/SCENTLAB,Eau de Perfume,Blush,4.8,8,Eau de Perfume Blush
654,Buttonscarves Beauty,Eau de Parfume,Cairo,4.8,8,Eau de Parfume Cairo
655,Morris,Eau De Parfum Travel Edition,Paris,4.9,8,Eau De Parfum Travel Edition Paris
656,Morris,Morris Tropical Edition,Paradise,4.5,8,Morris Tropical Edition Paradise
657,Personal Chemistry,Velvet Kiss,,4.8,8,Velvet Kiss
658,Evangeline,Eau De Perfume Bloom Series,Vera,4.5,8,Eau De Perfume Bloom Series Vera
659,Labcitane,Extrait de Parfum,Vanilla Roses,4.5,8,Extrait de Parfum Vanilla Roses
660,Elie Saab,Le Parfum in White,,4.6,8,Le Parfum in White
661,Parfums de Marly,Delina,,5.0,8,Delina
662,Mine.,UNTAMED,,4.1,8,UNTAMED
663,Yves Saint Laurent,Black Opium Floral Shock Eau de Parfum,Floral Shock,4.3,7,Black Opium Floral Shock Eau de Parfum Floral Shock
664,Chloe,Absolu De Parfum,,4.9,7,Absolu De Parfum
665,Le Labo,Bergamote 22 Eau de Parfum,,4.7,7,Bergamote 22 Eau de Parfum
666,Fresh,Eau de parfume,Lychee,4.4,7,Eau de parfume Lychee
667,Calvin Klein,Beauty,Floral,3.5,7,Beauty Floral
668,Guerlain,Samsara,,3.57,7,Samsara
669,Taylor Swift,Enchanted Wonderstruck Woman,,4.6,7,Enchanted Wonderstruck Woman
670,Cartier,baiser vole,white floral,4.1,7,baiser vole white floral
671,BIES,Bliss of Joy EDP,,3.9,7,Bliss of Joy EDP
672,Burberry,My Burberry Black,,4.9,7,My Burberry Black
673,Chanel,Chanel Coco Noir,,4.9,7,Chanel Coco Noir
674,Prada,Paradoxe,,4.9,7,Paradoxe
675,Evangeline,Eau de Perfume Musk Series,Red Musk,4.4,7,Eau de Perfume Musk Series Red Musk
676,Mykonos,Adelina EDP,,4.7,7,Adelina EDP
677,Alchemist Fragrance,Eau De Parfum,09 Jatuh Hati,4.9,7,Eau De Parfum 09 Jatuh Hati
678,Elie Saab,Girl of Now,Original,4.3,7,Girl of Now Original
679,Rahasia Beauty,Rahasia x Cinta Laura Goddess Water EDP,,4.3,7,Rahasia x Cinta Laura Goddess Water EDP
680,ZARA,ZARA Emotions,Fleur De Patchouli,4.7,7,ZARA Emotions Fleur De Patchouli
681,Aigner,Cara Mia EDP,,4.3,7,Cara Mia EDP
682,Dame Hauma,Sage Extrait,,4.9,7,Sage Extrait
683,Crusita,Extrait De Parfum,Es Teh Manis,4.3,7,Extrait De Parfum Es Teh Manis
684,ZARA,Amalfi Sunray,,4.6,7,Amalfi Sunray
685,Carl & Claire,Velvet EDP,,4.4,7,Velvet EDP
686,Oriflame,Love Potion EDP,Secrets,4.7,7,Love Potion EDP Secrets
687,Lolita Lempicka,L de Lolita Lempicka,Oriental Vanilla,4.4,7,L de Lolita Lempicka Oriental Vanilla
688,OUAI,Melrose Place Eau De Parfum,,4.3,7,Melrose Place Eau De Parfum
689,Hugo Boss,Hugo boss the scent for her,,4.1,7,Hugo boss the scent for her
690,BRASOV,Signature,08 JADE,4.3,7,Signature 08 JADE
691,Alchemist Fragrance,Musc Laiteux EDP,,5.0,7,Musc Laiteux EDP
692,Smells Good,Gemstone,,4.6,7,Gemstone
693,Mine.,Ethereal Thermal,,4.1,7,Ethereal Thermal
694,Mykonos,Luminos EDP,,4.6,7,Luminos EDP
695,Swana,Eau De Parfume,Moonlight,4.3,7,Eau De Parfume Moonlight
696,Evangeline,Premium Eau De Parfum,Sea Salt,4.6,7,Premium Eau De Parfum Sea Salt
697,OUAI,North Bondi,Eau De Parfum,4.0,7,North Bondi Eau De Parfum
698,HMNS Perfume,Y? Series,XY,4.7,7,Y? Series XY
699,Mine.,Unbound,,4.9,7,Unbound
700,Jeanne Arthes,Boum Women,,4.3,7,Boum Women
701,Lifti,I am Creative EDP,,4.4,7,I am Creative EDP
702,Mine.,Nordic Hygge Extrait de Parfum Fragrance Wand,,4.1,7,Nordic Hygge Extrait de Parfum Fragrance Wand
703,MS Glow,Recharge Eau de Perfume,,4.9,7,Recharge Eau de Perfume
704,Alt Perfumery,Reverie EDP,,3.9,7,Reverie EDP
705,Astree Parfumerie,A Day At The Park EDP,,4.1,7,A Day At The Park EDP
706,Etre Parfums,Rosa Tuberosa X Tities Sapoetra,,4.6,7,Rosa Tuberosa X Tities Sapoetra
707,Vitalis,Eau de Royale Her Highness,,4.3,7,Eau de Royale Her Highness
708,Luxcrime,Eau De Parfum,P.S. I Love You,4.6,7,Eau De Parfum P.S. I Love You
709,Evangeline,Premium Eau De Parfum,French Pear,4.6,7,Premium Eau De Parfum French Pear
710,Ready Set Perfumery,Sheila Arief Collection EDP,Chateau of Secret,4.7,7,Sheila Arief Collection EDP Chateau of Secret
711,Rihanna,Rebelle,Gourmand,4.4,7,Rebelle Gourmand
712,Elizabeth Arden,Arden Beauty Woman,FLOWERY,4.6,7,Arden Beauty Woman FLOWERY
713,Jeanne Arthes,Sultan Women,,4.3,7,Sultan Women
714,Escada,MAGNETISM FOR WOMEN,ORIENTAL VANILLA,4.9,7,MAGNETISM FOR WOMEN ORIENTAL VANILLA
715,Anna Sui,Romantica Exotica Eau de Parfum,,4.7,7,Romantica Exotica Eau de Parfum
716,Victoria's Secret,Bombshell In Bloom EDP,,4.4,7,Bombshell In Bloom EDP
717,Carl & Claire,Lovely EDP,,4.43,7,Lovely EDP
718,Ella Skincare,Eau De Parfum,Dancing Queen,4.9,7,Eau De Parfum Dancing Queen
719,Implora,Eau De Parfum Woman,Pink Ribbon,3.6,7,Eau De Parfum Woman Pink Ribbon
720,Project 1945,Nusantara's Embrace EDP,,4.6,7,Nusantara's Embrace EDP
721,Kitschy,Fairytale Extrait de Perfume,,4.6,7,Fairytale Extrait de Perfume
722,Project 1945,Fields of Ubud EDP,,4.3,7,Fields of Ubud EDP
723,Oriflame,Infinita Eau de Parfume,,4.7,7,Infinita Eau de Parfume
724,Morris,EDP Glam Edition,So Pretty,4.6,7,EDP Glam Edition So Pretty
725,Tom Ford,Bitter Peach Eau de Parfum,,4.9,7,Bitter Peach Eau de Parfum
726,Annick Goutal,Petite Cherie,Floral,4.6,7,Petite Cherie Floral
727,Burberry,Body Tender,Floral,4.3,7,Body Tender Floral
728,BVLGARI,Goldea Eau de Parfum,,4.4,7,Goldea Eau de Parfum
729,Oullu,Aether Eau de Perfume,,4.4,7,Aether Eau de Perfume
730,Morris,Goddess Eau de Parfum,,4.1,7,Goddess Eau de Parfum
731,Marc Jacobs,Perfect,,4.6,7,Perfect
732,Ready Set Perfumery,Signature Collection EDP,Petite Garden,4.6,7,Signature Collection EDP Petite Garden
733,Cote D'Azur,Enigma Eau de Parfum,,5.0,7,Enigma Eau de Parfum
734,Mine.,Spring Ikigai Extrait de Parfum Fragrance Wand,,3.7,6,Spring Ikigai Extrait de Parfum Fragrance Wand
735,Lancome,Poeme,Oriental,4.3,6,Poeme Oriental
736,Hugo Boss,Jour Pour Femme EDP,,4.5,6,Jour Pour Femme EDP
737,Burberry,Brit Women EDP,,3.8,6,Brit Women EDP
738,Jeanne Arthes,Amore Mio EDP,Forever,4.33,6,Amore Mio EDP Forever
739,Viktor and Rolf,BonBon,,4.33,6,BonBon
740,Gucci,Flora Gorgeus Gardenia Eau De Parfum,,5.0,6,Flora Gorgeus Gardenia Eau De Parfum
741,BIES,Intense EDP,,4.7,6,Intense EDP
742,Alien Objects,Pupuce,,4.8,6,Pupuce
743,Regazza,Femme Eau De Parfumée De Luxe,Fascinating,4.7,6,Femme Eau De Parfumée De Luxe Fascinating
744,Labcitane,Extrait de Parfum,Rose Peony,4.0,6,Extrait de Parfum Rose Peony
745,Skinouru,Eau de Parfum,Rose Reverie,5.0,6,Eau de Parfum Rose Reverie
746,Dolce & Gabbana,Pour Femme,"Vanilla, Sandalwood, Citrus, Jasmine, Orange Blossom, Heliotrope, Guimauve Marshmallow, Neroli, Rasp",4.8,6,"Pour Femme Vanilla, Sandalwood, Citrus, Jasmine, Orange Blossom, Heliotrope, Guimauve Marshmallow, Neroli, Rasp"
747,BRASOV,Signature,06 Pearl,4.8,6,Signature 06 Pearl
748,Careso,Eau De Parfume,French Vanilla,4.2,6,Eau De Parfume French Vanilla
749,Mykonos,Zeus EDP,,5.0,6,Zeus EDP
750,Maison Margiela,Under The Lemon Trees,Under The Lemon Trees,4.7,6,Under The Lemon Trees Under The Lemon Trees
751,Bon Parfumeur,"202 Watermelon, Red Currant, Jasmine",,5.0,6,"202 Watermelon, Red Currant, Jasmine"
752,BIES,Idealist EDP,,4.3,6,Idealist EDP
753,Victoria's Secret,Tease Rebel EDP,,4.7,6,Tease Rebel EDP
754,Prada,Milano,,4.5,6,Milano
755,Mustika Ratu,EDP Tropical Fruit,,4.3,6,EDP Tropical Fruit
756,Calvin Klein,Escape,,4.5,6,Escape
757,Prada,La Femme Prada,,4.7,6,La Femme Prada
758,Bath and Body Works,Into The Night Eau de Parfum,Into The Night,4.33,6,Into The Night Eau de Parfum Into The Night
759,Morris,Morris Teen Superhero Wonder woman,Wonder woman,4.3,6,Morris Teen Superhero Wonder woman Wonder woman
760,Akiko Beauty,Perfume,Peonia,4.8,6,Perfume Peonia
761,Evangeline,Eau De Perfume Zodiac Series,Scorpio,4.2,6,Eau De Perfume Zodiac Series Scorpio
762,Unke Naru,Eau De Parfum,Suga Bourbon,4.5,6,Eau De Parfum Suga Bourbon
763,Project 1945,Samosir EDP,,4.7,6,Samosir EDP
764,The Body Tale,Summer Splash,,4.3,6,Summer Splash
765,Teratu Beauty,Eau de Parfum,White,4.5,6,Eau de Parfum White
766,NIDHI,Skinwalker Extrait De Parfum,,4.8,6,Skinwalker Extrait De Parfum
767,Fetch,Arabesque,,4.2,6,Arabesque
768,Kim Kardashian,Signature Women,,3.7,6,Signature Women
769,Gucci,Premiere by GUCCI,floral,4.1,6,Premiere by GUCCI floral
770,Emporio Armani,Because It's You,100ml,4.7,6,Because It's You 100ml
771,Nina Ricci,Premier Jour,,4.5,6,Premier Jour
772,Bali Surfer's Perfume,Kuta 7 AM,,5.0,6,Kuta 7 AM
773,Carl & Claire,Classic EDP,,4.8,6,Classic EDP
774,ZARA,Waterlily Tea Dress,,4.8,6,Waterlily Tea Dress
775,Project 1945,Apresiasi EDP,,4.5,6,Apresiasi EDP
776,Dior,Pure Poison Eau De Parfum,,4.2,6,Pure Poison Eau De Parfum
777,Evangeline,Garden Series Eau De Parfum,Alba,4.2,6,Garden Series Eau De Parfum Alba
778,Mother of Pearl,Mother Of Perfumery,Mystical Desert,4.3,6,Mother Of Perfumery Mystical Desert
779,Morris,Morris Lifestyle Edition,Metropolis,4.5,6,Morris Lifestyle Edition Metropolis
780,ZARA,ZARA x Jo Malone,Tubereuse Noir,4.8,6,ZARA x Jo Malone Tubereuse Noir
781,BIES,I just Love It EDP,,4.3,6,I just Love It EDP
782,Estee Lauder,Pleasures Eau de Parfum,Oriental,4.7,6,Pleasures Eau de Parfum Oriental
783,Narciso Rodriguez,Narciso,,4.5,6,Narciso
784,Evangeline,Eau De Perfume Zodiac Series,Pisces,4.67,6,Eau De Perfume Zodiac Series Pisces
785,Luxcrime,Eau De Parfum,Always & Forever,4.3,6,Eau De Parfum Always & Forever
786,Mother of Pearl,Mother Of Perfumery,Intoxicating Love,4.0,6,Mother Of Perfumery Intoxicating Love
787,Careso,Eau De Parfume,Oud Rouge,4.5,6,Eau De Parfume Oud Rouge
788,Perfume Republic,Lady Korloff,,4.7,6,Lady Korloff
789,HMNS Perfume,Theta,,4.3,6,Theta
790,Lifti,I am Calm EDP,,4.5,6,I am Calm EDP
791,Britney Spears,Fantasy Twist,,4.4,6,Fantasy Twist
792,Oriflame,Precious,Amber,4.8,6,Precious Amber
793,Victoria's Secret,Bombshell Summer EDP,,4.8,6,Bombshell Summer EDP
794,Versace,Yellow Diamond Intense,,5.0,6,Yellow Diamond Intense
795,USUAL/SCENTLAB,Eau De Parfum,Smells Like Nothing,4.2,6,Eau De Parfum Smells Like Nothing
796,Citizens of The World,Madison Avenue,,4.5,6,Madison Avenue
797,Geamoore,Addicted Parfum,Peach Cookies,4.8,6,Addicted Parfum Peach Cookies
798,ZARA,Golden Decade,,4.8,6,Golden Decade
799,ZARA,Cherry Smoothie,,4.5,6,Cherry Smoothie
800,Layr Fragrance,Extrait De Parfum,Before Petrichor,4.8,6,Extrait De Parfum Before Petrichor
801,ZARA,Fleur d'Oranger,,4.5,6,Fleur d'Oranger
802,Alchemist Fragrance,Cachemire EDP,,4.8,6,Cachemire EDP
803,Alchemist Fragrance,Bois et Music EDP,,4.8,6,Bois et Music EDP
804,Rahasia Beauty,Summerscent x Rahasia Beauty,Rose Riot,4.3,6,Summerscent x Rahasia Beauty Rose Riot
805,Project 1945,The Great Batavia EDP,,4.5,6,The Great Batavia EDP
806,Lancome,Miracle Blossom,,5.0,5,Miracle Blossom
807,Victoria's Secret,Love EDP,,4.4,5,Love EDP
808,BVLGARI,Allegra Baciami Eau de Parfum,,4.4,5,Allegra Baciami Eau de Parfum
809,Moschino,Moschino Toy Boy,,4.6,5,Moschino Toy Boy
810,Miniso,Gift of Plant,Spring Roam,4.0,5,Gift of Plant Spring Roam
811,ZARA,Rose Gold EDP,,5.0,5,Rose Gold EDP
812,Avicenna,Diamond,,4.6,5,Diamond
813,Avicenna,Solitaire,Jade,4.0,5,Solitaire Jade
814,Le Labo,Thé Matcha 26,,4.6,5,Thé Matcha 26
815,Pinkberry,EDP Emily In Paris,Mon Coeur,4.4,5,EDP Emily In Paris Mon Coeur
816,Calvin Klein,Eternity Summer 2014,Mandarin Orange Bamboo Leaf Pear Watermelon,4.0,5,Eternity Summer 2014 Mandarin Orange Bamboo Leaf Pear Watermelon
817,FM by Federico Mahora,FM17,Floral,4.9,5,FM17 Floral
818,Victoria's Secret,Fearless EDP,,3.6,5,Fearless EDP
819,Mykonos,Nashi Pear Garden EDP,,4.4,5,Nashi Pear Garden EDP
820,Maison Francis Kurkdjian,Gentle Fluidity Gold,EDP,4.6,5,Gentle Fluidity Gold EDP
821,Avicenna,Starburst Eau De Parfum,,4.6,5,Starburst Eau De Parfum
822,Implora,Eau De Parfum Woman,Magnificent,4.4,5,Eau De Parfum Woman Magnificent
823,Swana,Eau De Parfume,Stardust,4.4,5,Eau De Parfume Stardust
824,Etre Parfums,DEUX Chapter I,Tout Feu Tout Flamme,4.8,5,DEUX Chapter I Tout Feu Tout Flamme
825,Crusita,Scent of Indonesia Extrait De Parfum,Mystique of Java,4.4,5,Scent of Indonesia Extrait De Parfum Mystique of Java
826,Madame Gie,Fragrantics Parfume Unisex,Guinevere,4.4,5,Fragrantics Parfume Unisex Guinevere
827,Crusita,X Melaney Ricardo Extrait De Parfum,First Kiss,4.6,5,X Melaney Ricardo Extrait De Parfum First Kiss
828,Jeanne Arthes,Guipure & Silk Ylang Vanille Woman,Oriental Vanilla,4.2,5,Guipure & Silk Ylang Vanille Woman Oriental Vanilla
829,YN Perfumery,Eau De Parfum,Sunset Hour,4.6,5,Eau De Parfum Sunset Hour
830,Lancome,La Vie Est Belle Flowers of Happiness EDP,,4.2,5,La Vie Est Belle Flowers of Happiness EDP
831,Carl & Claire,Essensa EDP,,4.2,5,Essensa EDP
832,Carl & Claire,Triple Floral Edition EDP,,4.8,5,Triple Floral Edition EDP
833,Fetch,Johakyu,,4.4,5,Johakyu
834,Evangeline,Garden Series Eau De Parfum,Peony,4.0,5,Garden Series Eau De Parfum Peony
835,Mykonos,California Dreamer's Collection EDP,,4.4,5,California Dreamer's Collection EDP
836,Giorgio Armani,Giorgio Armani,Sky Di Gioia,4.8,5,Giorgio Armani Sky Di Gioia
837,Lanvin,Jeanne Lanvin for women,Floral Fruity,4.8,5,Jeanne Lanvin for women Floral Fruity
838,Sophie Martin,Sophie Martin Eu De Perfume,Sophie Martin Eu De Perfume Wanderkiss 55 ml,3.8,5,Sophie Martin Eu De Perfume Sophie Martin Eu De Perfume Wanderkiss 55 ml
839,Dior,Oud Ispahan,,3.2,5,Oud Ispahan
840,Rahasia Beauty,Summerscent x Rahasia Beauty,Jasmine Joy,4.4,5,Summerscent x Rahasia Beauty Jasmine Joy
841,Gatsby,Eau de Bleu,Air Code,4.6,5,Eau de Bleu Air Code
842,Layr Fragrance,Extrait De Parfum,Chronic Tonic,4.8,5,Extrait De Parfum Chronic Tonic
843,Guess,Gold,Woody,4.4,5,Gold Woody
844,Hipnoza,Eau De Parfum,Nine,5.0,5,Eau De Parfum Nine
845,Dior,Sauvage Elixir,,4.2,5,Sauvage Elixir
846,Pucelle,Eau De Luxe Parfum,The Beta,4.4,5,Eau De Luxe Parfum The Beta
847,Lilith & Eve,Daisy EDP,,4.6,5,Daisy EDP
848,Morris,Eau De Parfum Black Edition,N-23 Aquatic,4.2,5,Eau De Parfum Black Edition N-23 Aquatic
849,Rahasia Beauty,Love Petals,,4.8,5,Love Petals
850,Saff & Co.,Morfosia Extrait de Parfum,,5.0,5,Morfosia Extrait de Parfum
851,Mercredi,Perfumery,La Poesi,4.8,5,Perfumery La Poesi
852,Diary,Eau De Parfume,Spring In Tokyo,4.4,5,Eau De Parfume Spring In Tokyo
853,ZARA,Boldly Seoul,,4.6,5,Boldly Seoul
854,Morris,Lifestyle Edition,Creative,3.8,5,Lifestyle Edition Creative
855,Balenciaga,Mancera Instant Crush,,4.2,5,Mancera Instant Crush
856,Bon Parfumeur,"702 Incense, Lavender, Cashmere wood",,5.0,5,"702 Incense, Lavender, Cashmere wood"
857,Bon Parfumeur,"101 Rose, Sweet Pea, White Cedar",,4.4,5,"101 Rose, Sweet Pea, White Cedar"
858,Bon Parfumeur,"103 Tiare Flower, Jasmine, Hibiscus",,5.0,5,"103 Tiare Flower, Jasmine, Hibiscus"
859,Carl & Claire,Enchantée EDP - Emily in Paris Edition,,5.0,5,Enchantée EDP - Emily in Paris Edition
860,Carl & Claire,Triple Romantic Edition  EDP,,5.0,5,Triple Romantic Edition  EDP
861,Carl & Claire,Oceanic EDP,,4.0,5,Oceanic EDP
862,Fetch,Otea,,4.2,5,Otea
863,Giorgio Armani,Kilian Angels’ Share,,4.8,5,Kilian Angels’ Share
864,House of Medici,Eau De Parfum,Maria De Constantine,4.8,5,Eau De Parfum Maria De Constantine
865,Oriflame,Luminescence,,4.6,5,Luminescence
866,Sisley,Eau du Soir,,4.3,5,Eau du Soir
867,Avicenna,Amethyst,,3.8,5,Amethyst
868,Victoria's Secret,Body by Victoria EDP,,5.0,5,Body by Victoria EDP
869,Aigner,Cara Mia Ti Amo EDP,,5.0,5,Cara Mia Ti Amo EDP
870,Oriflame,Giordani Gold White Original EDP,,5.0,5,Giordani Gold White Original EDP
871,House of Medici,Eau De Parfum,Paradise Reservoir,4.6,5,Eau De Parfum Paradise Reservoir
872,Premiere Beaute,Fashion Neon Perfume,Moonlight,4.8,5,Fashion Neon Perfume Moonlight
873,Onix,Fresh Book Passion,,4.0,5,Fresh Book Passion
874,Polka Cosmetics,Eau de Parfum,Melt Away,3.6,5,Eau de Parfum Melt Away
875,Mother of Pearl,Mother Of Perfumery,Couture Black Dress,4.8,5,Mother Of Perfumery Couture Black Dress
876,Mine.,Opulence,Vanilla Caviar,4.6,5,Opulence Vanilla Caviar
877,Etre Parfums,Bouquet De Joie,,4.6,5,Bouquet De Joie
878,Blissbeau Parfume,Just De Kiwi,,4.8,5,Just De Kiwi
879,Elvicto,10PM EDP,,4.8,5,10PM EDP
880,Aesop,Marrakech Intense,,4.8,5,Marrakech Intense
881,Regazza,Femme Eau De Parfumée De Luxe,Sparkling,4.8,5,Femme Eau De Parfumée De Luxe Sparkling
882,House of Medici,Eau De Parfum,Devil In A New Dress,4.0,5,Eau De Parfum Devil In A New Dress
883,Estee Lauder,Luxury Fragrance,Dream Dusk,5.0,5,Luxury Fragrance Dream Dusk
884,Oriflame,Possess The Secret EDP,Floral Fruty Woody,4.8,5,Possess The Secret EDP Floral Fruty Woody
885,BVLGARI,Goldea Roman Night Eau de Parfum,,4.8,5,Goldea Roman Night Eau de Parfum
886,ZARA,Zara Woman Gold,"Jasmine, Gardenie,Honey",4.8,5,"Zara Woman Gold Jasmine, Gardenie,Honey"
887,Juicy Couture,Juicy Couture Eau De Parfum Spray,Vaporisateur,4.4,5,Juicy Couture Eau De Parfum Spray Vaporisateur
888,Geamoore,Addicted Parfum,Cotton Candy,4.2,5,Addicted Parfum Cotton Candy
889,Citizens of The World,Spice Souk,,4.6,5,Spice Souk
890,BIES,Roses for Women,,2.2,5,Roses for Women
891,Bon Parfumeur,"102 Tea, Cardamom, Mimosa",,5.0,5,"102 Tea, Cardamom, Mimosa"
892,La Collina Toscana,Borgo Delle Stelle,,4.0,5,Borgo Delle Stelle
893,Morris,Eau De Parfum Travel Edition,Hokaido,4.4,5,Eau De Parfum Travel Edition Hokaido
894,Mustika Ratu,Olive Eau de Parfum,,4.4,5,Olive Eau de Parfum
895,Lanvin,Jeanne Lanvin Couture,Floral Fruity,4.6,5,Jeanne Lanvin Couture Floral Fruity
896,Burberry,Brit Eau De Parfum,Fresh Scent Crisp Green Almond,3.1,5,Brit Eau De Parfum Fresh Scent Crisp Green Almond
897,Oriflame,Ascendant Aqua,,5.0,5,Ascendant Aqua
898,Narciso Rodriguez,Narciso Rouge,,4.8,5,Narciso Rouge
899,Polka Cosmetics,Birth Date Extrait De Parfum,,4.8,5,Birth Date Extrait De Parfum
900,Mother of Pearl,Mother Of Perfumery,Purple Royale,5.0,5,Mother Of Perfumery Purple Royale
901,Hipnoza,Eau De Parfum,Seven,4.6,5,Eau De Parfum Seven
902,Jarte Beauty,Scandal Eau De Parfum X Dillah Probokusumo,,4.8,5,Scandal Eau De Parfum X Dillah Probokusumo
903,Polka Cosmetics,Eau de Parfum,Placid Dream,4.8,5,Eau de Parfum Placid Dream
904,HINT,Delicate EDP,,5.0,5,Delicate EDP
905,HMNS Perfume,Untitled Humans Aroma 02,,5.0,5,Untitled Humans Aroma 02
906,Scarlett,La Foret Fairy EDP,,3.8,5,La Foret Fairy EDP
907,Lancome,La Vie Belle L'Eclat,,5.0,5,La Vie Belle L'Eclat
908,Gucci,Gucci Nettare Di Fiori,,4.6,5,Gucci Nettare Di Fiori
909,Dolce & Gabbana,Dolce Garden Eau de Parfum,,5.0,5,Dolce Garden Eau de Parfum
910,Miniso,Maidens Prayer Eau de Parfum,Iris & Cloud,5.0,5,Maidens Prayer Eau de Parfum Iris & Cloud
911,ZARA,Fashionably London,,5.0,5,Fashionably London
912,BIES,Tres Belle EDP,,5.0,5,Tres Belle EDP
913,Fetch,Slow Waltz,,3.8,5,Slow Waltz
914,Sofia Vergara,Sofia,Woody,4.3,5,Sofia Woody
915,Dolce & Gabbana,ROSA EXCELSA,,4.8,5,ROSA EXCELSA
916,Oriflame,Mirage,Balsamic,4.8,5,Mirage Balsamic
917,Moschino,Fresh Gold Eau de Parfum,,4.2,5,Fresh Gold Eau de Parfum
918,Avicenna,Rouge,,5.0,5,Rouge
919,Mykonos,It's Not Ella EDP,,2.4,5,It's Not Ella EDP
920,Morris,Eau De Parfum Black Edition,N-01 Oud,3.4,5,Eau De Parfum Black Edition N-01 Oud
921,Rumah Atsiri,Kembang Setaman Tuberose Eau de Parfum,,4.8,5,Kembang Setaman Tuberose Eau de Parfum
922,Buttonscarves Beauty,Eau De Parfum,Capri,5.0,5,Eau De Parfum Capri
923,Luxcrime,Eau De Parfum,XOXO,4.6,5,Eau De Parfum XOXO
924,Guerlain,La Petite Robe Noire,,4.8,4,La Petite Robe Noire
925,The Body Shop,White Musk,Radical,3.8,4,White Musk Radical
926,Tom Ford,White Suede,,3.8,4,White Suede
927,L'Occitane,Terre de Lumière Eau de Parfum Purse Spray,,4.5,4,Terre de Lumière Eau de Parfum Purse Spray
928,Oriflame,So Fever Together Her Eau de Parfum,,4.8,4,So Fever Together Her Eau de Parfum
929,Vitalis,Eau de Glamour Hijab,Chic,4.8,4,Eau de Glamour Hijab Chic
930,Mykonos,British Pear & Freesia Delight EDP,,4.8,4,British Pear & Freesia Delight EDP
931,Morris,Eau De Parfum Travel Edition,Bali,4.0,4,Eau De Parfum Travel Edition Bali
932,Fetch,Indische,,4.3,4,Indische
933,Bon Parfumeur,"301 Sandalwood, Amber, Cardamom",,5.0,4,"301 Sandalwood, Amber, Cardamom"
934,Bon Parfumeur,902 Armagnac Blond Tobacco Cinnamon,,5.0,4,902 Armagnac Blond Tobacco Cinnamon
935,BVLGARI,BLV Pour Femme,,4.8,4,BLV Pour Femme
936,Banana Republic,W Banana Republic for Women,Floral,4.8,4,W Banana Republic for Women Floral
937,Dsquared2,She Wood EDP 100ml,"Lemon, Jasmine, Neroli",4.8,4,"She Wood EDP 100ml Lemon, Jasmine, Neroli"
938,Victoria's Secret,Dark Angel EDP,,4.75,4,Dark Angel EDP
939,Estee Lauder,Estee Lauder Modern Muse,Le Rouge,4.3,4,Estee Lauder Modern Muse Le Rouge
940,Dior,Vanilla Diorama,,3.25,4,Vanilla Diorama
941,Burberry,My Burberry Blush EDP,,4.75,4,My Burberry Blush EDP
942,Lumecolors,Scents Of Confidence Eau De Parfume,Morning Blossom,4.75,4,Scents Of Confidence Eau De Parfume Morning Blossom
943,Victoria's Secret,Angel Silver EDP Rollerball,,4.3,4,Angel Silver EDP Rollerball
944,Senswell,Jessica Quin,Blue,3.75,4,Jessica Quin Blue
945,ZARA,Oriental Gourmand,Oriental Gourmand EDP Intense 100 ml,4.8,4,Oriental Gourmand Oriental Gourmand EDP Intense 100 ml
946,Princesse Marina De Bourbon,Cristal D’or,,4.5,4,Cristal D’or
947,Swana,Eau De Parfume,Skydream,3.8,4,Eau De Parfume Skydream
948,Evangeline,Eau de Perfume Musk Series,Violet Musk,4.3,4,Eau de Perfume Musk Series Violet Musk
949,YN Perfumery,Garden Of Spring Eau De Parfum,,4.3,4,Garden Of Spring Eau De Parfum
950,Skinouru,Eau de Parfum,Vanilla Velvet,4.8,4,Eau de Parfum Vanilla Velvet
951,Project 1945,x CJ Horas EDP,,3.8,4,x CJ Horas EDP
952,Crusita,Extrait De Parfum,Busy Day,4.8,4,Extrait De Parfum Busy Day
953,The Body Tale,Spice Nomad EDP,,5.0,4,Spice Nomad EDP
954,Aesop,Tacit,,4.8,4,Tacit
955,Verites,After The Rain EDP,,4.3,4,After The Rain EDP
956,Mykonos,Pandan Sticky Rice EDP,,3.5,4,Pandan Sticky Rice EDP
957,Mercredi,Perfumery,La Reverie,5.0,4,Perfumery La Reverie
958,Jean Paul Gaultier,LA BELLE,,3.8,4,LA BELLE
959,Avicenna,VIP Woman,,5.0,4,VIP Woman
960,Evangeline,Eau De Perfume Zodiac Series,Gemini,4.0,4,Eau De Perfume Zodiac Series Gemini
961,Evangeline,Eau De Perfume Zodiac Series,Aries,5.0,4,Eau De Perfume Zodiac Series Aries
962,BIES,Eau De Sicily EDP,,4.0,4,Eau De Sicily EDP
963,Carl & Claire,Yes EDP,,4.5,4,Yes EDP
964,Rue Pergolese,Gold,,4.5,4,Gold
965,Pinkberry,Eau De Parfume Dream,,4.0,4,Eau De Parfume Dream
966,Alien Objects,Mecca,,4.5,4,Mecca
967,USUAL/SCENTLAB,Eau De Parfum,Out of Shower,4.0,4,Eau De Parfum Out of Shower
968,Teratu Beauty,Body & the Scents of Teratu Beauty EDP,Vintage Rose,4.8,4,Body & the Scents of Teratu Beauty EDP Vintage Rose
969,Bourjois,Glamour Lovely,Fruity Sweet,4.5,4,Glamour Lovely Fruity Sweet
970,BVLGARI,Mon Jasmin Noir L Elixir,Floral,4.8,4,Mon Jasmin Noir L Elixir Floral
971,Senswell,Eau De Perfume,White Cotton,4.5,4,Eau De Perfume White Cotton
972,Brunbrun Paris,Gemini Eau De Toilette,,3.75,4,Gemini Eau De Toilette
973,Carl & Claire,Captain EDP,,4.0,4,Captain EDP
974,Crown Parfumes,Al Rehab Sultan,,4.8,4,Al Rehab Sultan
975,Dior,MAISON CHRISTIAN DIOR PERFUME,HOLY PEONY,5.0,4,MAISON CHRISTIAN DIOR PERFUME HOLY PEONY
976,Polka Cosmetics,Eau de Parfum,After Hours,4.0,4,Eau de Parfum After Hours
977,BRASOV,Signature,12 Turquoise,4.8,4,Signature 12 Turquoise
978,Lumecolors,Amande Eu De Parfum,,4.5,4,Amande Eu De Parfum
979,Evangeline,Eau De Perfume Bloom Series,Sophie,4.3,4,Eau De Perfume Bloom Series Sophie
980,Citizens of The World,Olympia,,4.5,4,Olympia
981,Vitalis,Eau de Royale,Charming Majesty,4.5,4,Eau de Royale Charming Majesty
982,Evangeline,Premium Eau De Parfum,Flora Gardenia,5.0,4,Premium Eau De Parfum Flora Gardenia
983,Verites,Blooming Amoure EDP,,4.8,4,Blooming Amoure EDP
984,Never Not Official,Date of Birth,,5.0,4,Date of Birth
985,Bonavie,Eau De Parfum,Madeleine Et Glace,4.5,4,Eau De Parfum Madeleine Et Glace
986,Elie Saab,Girl of Now,Forever,4.3,4,Girl of Now Forever
987,HINT,Jeans EDP,,5.0,4,Jeans EDP
988,Alt Perfumery,Uptown EDP,,4.3,4,Uptown EDP
989,Bath and Body Works,A Thousand Wishes,,4.3,4,A Thousand Wishes
990,Avicenna,Crystal,,4.8,4,Crystal
991,Morris,Diva Eau De Parfum,,4.0,4,Diva Eau De Parfum
992,Bon Parfumeur,"501 Praline, Licorice, Patchoulli",,5.0,4,"501 Praline, Licorice, Patchoulli"
993,Bon Parfumeur,"001 Orange Blossom, Petite Grain, Bergamot",,5.0,4,"001 Orange Blossom, Petite Grain, Bergamot"
994,Carl & Claire,Dream Catcher Night EDP,,5.0,4,Dream Catcher Night EDP
995,Mykonos,Blaze EDP,,5.0,4,Blaze EDP
996,Oriflame,Sublime Nature,Tuberose,5.0,4,Sublime Nature Tuberose
997,Bon Parfumeur,"201 Green Apple, Lily Of The Valley, Quince",,5.0,4,"201 Green Apple, Lily Of The Valley, Quince"
998,De Guarmantes,Eau de Parfum,Blink,4.3,4,Eau de Parfum Blink
999,Escada,Escada S,Floral,4.1,4,Escada S Floral
